name,google_scholar_id,pub_title,pub_year,source,first_name,last_name,updated
Adrian J McDonald,9zBBTb0AAAAJ,Aerosol and Dimethyl Sulfide Sensitivity to Sulfate Chemistry Schemes,2023.0,Google Scholar,Adrian,McDonald,2024-01-31 12:02:07.754372
Adrian J McDonald,9zBBTb0AAAAJ,The sensitivity of Southern Ocean atmospheric dimethyl sulfide (DMS) to modeled oceanic DMS concentrations and emissions,2023.0,Google Scholar,Adrian,McDonald,2024-01-31 12:02:07.754372
Adrian J McDonald,9zBBTb0AAAAJ,Regional Characteristics of Extreme Precipitation Events Over Aotearoa New Zealand,2023.0,Google Scholar,Adrian,McDonald,2024-01-31 12:02:07.754372
Adrian J McDonald,9zBBTb0AAAAJ,Climate change impacts on Aotearoa New Zealand: a horizon scan approach,2023.0,Google Scholar,Adrian,McDonald,2024-01-31 12:02:07.754372
Adrian J McDonald,9zBBTb0AAAAJ,An assessment of Southern Hemisphere extratropical cyclones in ERA5 using WindSat,2023.0,Google Scholar,Adrian,McDonald,2024-01-31 12:02:07.754372
Adrian J McDonald,9zBBTb0AAAAJ,An assessment of extra-tropical cyclone precipitation extremes over the Southern Hemisphere using ERA5,2023.0,Google Scholar,Adrian,McDonald,2024-01-31 12:02:07.754372
Adrian J McDonald,9zBBTb0AAAAJ,Earth-system-model evaluation of cloud and precipitation occurrence for supercooled and warm clouds over the Southern Ocean's Macquarie Island,2023.0,Google Scholar,Adrian,McDonald,2024-01-31 12:02:07.754372
Adrian J McDonald,9zBBTb0AAAAJ,Supercooled liquid water cloud classification using lidar backscatter peak properties,2023.0,Google Scholar,Adrian,McDonald,2024-01-31 12:02:07.754372
Adrian J McDonald,9zBBTb0AAAAJ,The sensitivity of Southern Ocean atmospheric dimethyl sulfide to modelled sources and emissions,2023.0,Google Scholar,Adrian,McDonald,2024-01-31 12:02:07.754372
Adrian J McDonald,9zBBTb0AAAAJ,Delineating Polynya Area Using Active and Passive Microwave Sensors for the Western Ross Sea Sector of Antarctica,2023.0,Google Scholar,Adrian,McDonald,2024-01-31 12:02:07.754372
Adrian J McDonald,9zBBTb0AAAAJ,Positive correlation between wet-day frequency and intensity linked to universal precipitation drivers,2023.0,Google Scholar,Adrian,McDonald,2024-01-31 12:02:07.754372
Adrian J McDonald,9zBBTb0AAAAJ,Sea2Cloud: From Biogenic Emission Fluxes to Cloud Properties in the Southwest Pacific,2023.0,Google Scholar,Adrian,McDonald,2024-01-31 12:02:07.754372
Adrian J McDonald,9zBBTb0AAAAJ,An assessment of extra-tropical cyclone precipitation extremes over the Southern Hemisphere using ERA5,2023.0,Google Scholar,Adrian,McDonald,2024-01-31 12:02:07.754372
Adrian J McDonald,9zBBTb0AAAAJ,Increasing temperature extremes in New Zealand and their connection to synoptic circulation features,2023.0,Google Scholar,Adrian,McDonald,2024-01-31 12:02:07.754372
Adrian J McDonald,9zBBTb0AAAAJ,Assessing the cloud radiative bias at Macquarie Island in the ACCESS-AM2 model,2023.0,Google Scholar,Adrian,McDonald,2024-01-31 12:02:07.754372
Adrian J McDonald,9zBBTb0AAAAJ,Understanding the relative importance of different precipitation generating weather systems and quantifying their efficiencies,2023.0,Google Scholar,Adrian,McDonald,2024-01-31 12:02:07.754372
Adrian J McDonald,9zBBTb0AAAAJ,An assessment of extreme precipitation within cyclone composites using ERA5,2023.0,Google Scholar,Adrian,McDonald,2024-01-31 12:02:07.754372
Adrian J McDonald,9zBBTb0AAAAJ,An assessment of Southern Hemisphere extra-tropical cyclones in ERA5 using WindSat,2023.0,Google Scholar,Adrian,McDonald,2024-01-31 12:02:07.754372
Adrian J McDonald,9zBBTb0AAAAJ,Mean and extreme precipitation over Aotearoa New Zealand: A comparison across multiple different estimation techniques,2023.0,Google Scholar,Adrian,McDonald,2024-01-31 12:02:07.754372
Adrian J McDonald,9zBBTb0AAAAJ,Machine learning of cloud types in satellite observations and climate models,2023.0,Google Scholar,Adrian,McDonald,2024-01-31 12:02:07.754372
Adrian J McDonald,9zBBTb0AAAAJ,Understanding Internal Cluster Variability Through Subcluster Metric Analysis in a Geophysical Context,2023.0,Google Scholar,Adrian,McDonald,2024-01-31 12:02:07.754372
Adrian J McDonald,9zBBTb0AAAAJ,"Representation of sea ice regimes in the Western Ross Sea, Antarctica, based on satellite imagery and AMPS wind data",2023.0,Google Scholar,Adrian,McDonald,2024-01-31 12:02:07.754372
Alex James,TSjPmycAAAAJ,Stochastic modelling of intersectional pay gaps in universities,2023.0,Google Scholar,Alex,James,2024-01-31 12:02:14.251911
Alex James,TSjPmycAAAAJ,"Sticky Floors, Double-Binds, and Double Whammies: Adjusting for Research Performance Reveals Universities’ Gender Pay Gap is Not Disappearing",2023.0,Google Scholar,Alex,James,2024-01-31 12:02:14.251911
Alex James,TSjPmycAAAAJ,Brood size in an uncertain world,2023.0,Google Scholar,Alex,James,2024-01-31 12:02:14.251911
Alex James,TSjPmycAAAAJ,Detectability of ten invasive mammal pests in New Zealand: a synthesis of spatial detection parameters,2023.0,Google Scholar,Alex,James,2024-01-31 12:02:14.251911
alex macmillan,8D8W8NsAAAAJ,Overcoming resistance and rebalancing power: shifting gears for cross sectoral collaboration on transport and climate change,2023.0,Google Scholar,Alex,Macmillan,2024-01-31 12:02:20.280455
alex macmillan,8D8W8NsAAAAJ,"Where do the parties stand? A low carbon, healthy transport system",2023.0,Google Scholar,Alex,Macmillan,2024-01-31 12:02:20.280455
alex macmillan,8D8W8NsAAAAJ,Effects of Te Ara Mua–Future Streets suburban street retrofit on traffic speed and volume: Controlled before-after study,2023.0,Google Scholar,Alex,Macmillan,2024-01-31 12:02:20.280455
alex macmillan,8D8W8NsAAAAJ,"Superheated storms: climate drivers, health effects and responses",2023.0,Google Scholar,Alex,Macmillan,2024-01-31 12:02:20.280455
Ann Brower,Ic0ntsUAAAAJ,"Structural Adaptation Triggers in the CAP: Regional Implementation 2007–2013 in the East Midlands, England",2023.0,Google Scholar,Ann,Brower,2024-01-31 12:02:26.210255
Ann Brower,Ic0ntsUAAAAJ,Stochastic modelling of intersectional pay gaps in universities,2023.0,Google Scholar,Ann,Brower,2024-01-31 12:02:26.210255
Ann Brower,Ic0ntsUAAAAJ,"Sticky Floors, Double-Binds, and Double Whammies: Adjusting for Research Performance Reveals Universities’ Gender Pay Gap is Not Disappearing",2023.0,Google Scholar,Ann,Brower,2024-01-31 12:02:26.210255
Ann Brower,Ic0ntsUAAAAJ,"Co-Management of Kauri Dieback in the Waitākere Ranges, Aotearoa New Zealand",2023.0,Google Scholar,Ann,Brower,2024-01-31 12:02:26.210255
Ann Brower,Ic0ntsUAAAAJ,New Zealand's braided rivers: The land the law forgot,2023.0,Google Scholar,Ann,Brower,2024-01-31 12:02:26.210255
Anna Matheson,Xt1AACMAAAAJ,Collective action is needed to build a more just science system,2023.0,Google Scholar,Anna,Matheson,2024-01-31 12:02:33.225415
Anna Matheson,Xt1AACMAAAAJ,"Dietary practices, physical activity and social determinants of non-communicable diseases in Nepal: A systemic analysis",2023.0,Google Scholar,Anna,Matheson,2024-01-31 12:02:33.225415
Anna Matheson,Xt1AACMAAAAJ,Case study: COVID-19 and governing for health and wellbeing in New Zealand–putting communities at the centre,2023.0,Google Scholar,Anna,Matheson,2024-01-31 12:02:33.225415
Anna Santure,N2b7dCcAAAAJ,Population genomics of the ‘rediscovered’threatened New Zealand storm petrel (Fregetta maoriana) support a single breeding colony,2023.0,Google Scholar,Anna,Santure,2024-01-31 12:02:39.630327
Anna Santure,N2b7dCcAAAAJ,Including the invisible fraction in whole population studies: A guide to the genetic sampling of unhatched bird eggs,2023.0,Google Scholar,Anna,Santure,2024-01-31 12:02:39.630327
Anna Santure,N2b7dCcAAAAJ,Species-wide genomics of kākāpō provides tools to accelerate recovery,2023.0,Google Scholar,Anna,Santure,2024-01-31 12:02:39.630327
Anna Santure,N2b7dCcAAAAJ,The ghost of selection past: evolution and conservation relevance of the kākāpō color polymorphism,2023.0,Google Scholar,Anna,Santure,2024-01-31 12:02:39.630327
Anna Santure,N2b7dCcAAAAJ,Capturing species‐wide diversity of the gut microbiota and its relationship with genomic variation in the critically endangered kākāpō,2023.0,Google Scholar,Anna,Santure,2024-01-31 12:02:39.630327
Anna Santure,N2b7dCcAAAAJ,Assembly of female and male hihi genomes (stitchbird; Notiomystis cincta) enables characterization of the W chromosome and resources for conservation genomics,2023.0,Google Scholar,Anna,Santure,2024-01-31 12:02:39.630327
Anna Santure,N2b7dCcAAAAJ,Tracing the introduction of the invasive common myna using population genomics,2023.0,Google Scholar,Anna,Santure,2024-01-31 12:02:39.630327
Anna Santure,N2b7dCcAAAAJ,Genomic signatures of inbreeding depression for a threatened Aotearoa New Zealand passerine,2023.0,Google Scholar,Anna,Santure,2024-01-31 12:02:39.630327
Anna Santure,N2b7dCcAAAAJ,The promise and challenges of characterizing genome‐wide structural variants: A case study in a critically endangered parrot,2023.0,Google Scholar,Anna,Santure,2024-01-31 12:02:39.630327
Anna Santure,N2b7dCcAAAAJ,The introduction and distribution history of the common myna (Acridotheres tristis) in New Zealand,2023.0,Google Scholar,Anna,Santure,2024-01-31 12:02:39.630327
Anna Santure,N2b7dCcAAAAJ,"The genome of a globally invasive passerine, the common myna (Acridotheres tristis)",2023.0,Google Scholar,Anna,Santure,2024-01-31 12:02:39.630327
Anna Santure,N2b7dCcAAAAJ,Local adaptation in shell shape traits of a brooding chiton with strong population genomic differentiation,2023.0,Google Scholar,Anna,Santure,2024-01-31 12:02:39.630327
Cameron Walker,Q1jc3_IAAAAJ,An effective self-adaptive bi-directional multi-layer genetic algorithm for resource and user allocations in networks,2023.0,Google Scholar,Cameron,Walker,2024-01-31 12:02:47.673070
Cameron Walker,Q1jc3_IAAAAJ,Surgical procedure prediction using medical ontological information,2023.0,Google Scholar,Cameron,Walker,2024-01-31 12:02:47.673070
Cameron Walker,Q1jc3_IAAAAJ,Exploring the links between simulation modelling and construction production planning and control: a case study on the last planner system,2023.0,Google Scholar,Cameron,Walker,2024-01-31 12:02:47.673070
Cameron Walker,Q1jc3_IAAAAJ,Application of a risk-averse objective function for scheduling surgeries,2023.0,Google Scholar,Cameron,Walker,2024-01-31 12:02:47.673070
Cameron Walker,Q1jc3_IAAAAJ,Acute assessment services for patient flow assistance in hospital emergency departments,2023.0,Google Scholar,Cameron,Walker,2024-01-31 12:02:47.673070
Cate Macinnis-Ng,ZHwGXBwAAAAJ,Climate change impacts on Aotearoa New Zealand: a horizon scan approach,2023.0,Google Scholar,Cate,Macinnis-Ng,2024-01-31 12:02:53.782721
Cate Macinnis-Ng,ZHwGXBwAAAAJ,Climate change adaptation through an integrative lens in Aotearoa New Zealand,2023.0,Google Scholar,Cate,Macinnis-Ng,2024-01-31 12:02:53.782721
Cate Macinnis-Ng,ZHwGXBwAAAAJ,Australasia,2023.0,Google Scholar,Cate,Macinnis-Ng,2024-01-31 12:02:53.782721
Cate Macinnis-Ng,ZHwGXBwAAAAJ,"Connecting science to Indigenous knowledge: Kaitiakitanga, conservation, and resource management",2023.0,Google Scholar,Cate,Macinnis-Ng,2024-01-31 12:02:53.782721
,nan,Result set is empty.,,Google Scholar,Catriona,MacLeod,2024-01-31 12:02:58.990430
Celine Cattoen,4K9stBsAAAAJ,GeoFabrics 1.0. 0: An open-source Python package for automatic hydrological conditioning of digital elevation models for flood modelling,2023.0,Google Scholar,Céline ,Cattoën-Gilbert,2024-01-31 12:03:04.566368
Celine Cattoen,4K9stBsAAAAJ,A national flood awareness system for ungauged catchments in complex topography for Aoetearoa New Zealand.,2023.0,Google Scholar,Céline ,Cattoën-Gilbert,2024-01-31 12:03:04.566368
Celine Cattoen,4K9stBsAAAAJ,"The Aotearoa (New Zealand) Flood Awareness System (AFAS): Evaluation, Communication and Recent Developments",2023.0,Google Scholar,Céline ,Cattoën-Gilbert,2024-01-31 12:03:04.566368
Christina Painting,Ymcd_j8AAAAJ,Exaggerated mandibles are correlated with enhanced foraging efficacy in male Auckland tree wētā,2023.0,Google Scholar,Christina,Painting,2024-01-31 12:03:12.137400
Christina Painting,Ymcd_j8AAAAJ,Weak evidence for personality and behavioural syndrome in Teleogryllus commodus crickets,2023.0,Google Scholar,Christina,Painting,2024-01-31 12:03:12.137400
Christina Painting,Ymcd_j8AAAAJ,Sequential analysis reveals use of mutual assessment in contests between wild New Zealand giraffe weevils,2023.0,Google Scholar,Christina,Painting,2024-01-31 12:03:12.137400
Christina Painting,Ymcd_j8AAAAJ,Juvenile leg autotomy predicts adult male morph in a New Zealand harvestman with weapon polymorphism,2023.0,Google Scholar,Christina,Painting,2024-01-31 12:03:12.137400
Christina Painting,Ymcd_j8AAAAJ,The metabolic costs of exaggerated sexually selected traits,2023.0,Google Scholar,Christina,Painting,2024-01-31 12:03:12.137400
Claire Postlethwaite,U075c-cAAAAJ,Travelling waves and heteroclinic networks in models of spatially-extended cyclic competition,2023.0,Google Scholar,Claire,Postlethwaite,2024-01-31 12:03:17.933317
Claire Postlethwaite,U075c-cAAAAJ,Effect of noise on residence times of a heteroclinic cycle,2023.0,Google Scholar,Claire,Postlethwaite,2024-01-31 12:03:17.933317
Dan Hikuroa,3svcBDsAAAAJ,Indigenous Action Committee,2023.0,Google Scholar,Daniel,Hikuroa,2024-01-31 12:03:24.115231
Dan Hikuroa,3svcBDsAAAAJ,4 Think like a Fish: New Oceanic Histories,2023.0,Google Scholar,Daniel,Hikuroa,2024-01-31 12:03:24.115231
Dan Hikuroa,3svcBDsAAAAJ,"Tsunami or storm deposit? A late Holocene sedimentary record from Swamp Bay, Rangitoto ki te Tonga/D’Urville Island, Aotearoa–New Zealand",2023.0,Google Scholar,Daniel,Hikuroa,2024-01-31 12:03:24.115231
Dan Hikuroa,3svcBDsAAAAJ,Orienting the sustainable management of chemicals and waste toward indigenous knowledge,2023.0,Google Scholar,Daniel,Hikuroa,2024-01-31 12:03:24.115231
Dan Hikuroa,3svcBDsAAAAJ,"Kia aiō ngā ngaru, kia hora te marino: smoothing the waters in natural resource management to mitigate risk and uncertainty",2023.0,Google Scholar,Daniel,Hikuroa,2024-01-31 12:03:24.115231
Dan Hikuroa,3svcBDsAAAAJ,Aotearoa New Zealand’s coastal archaeological heritage: A geostatistical overview of threatened sites,2023.0,Google Scholar,Daniel,Hikuroa,2024-01-31 12:03:24.115231
Dan Hikuroa,3svcBDsAAAAJ,"He Karanga Maha. Investigating Relational Resource Management in Aotearoa, New Zealand",2023.0,Google Scholar,Daniel,Hikuroa,2024-01-31 12:03:24.115231
Dan Hikuroa,3svcBDsAAAAJ,(Re) emergence of Pūtaiao: Conceptualising Kaupapa Māori science,2023.0,Google Scholar,Daniel,Hikuroa,2024-01-31 12:03:24.115231
Dan Hikuroa,3svcBDsAAAAJ,Managing at source and at scale: The use of geomorphic river stories to support rehabilitation of Anthropocene riverscapes in the East Coast Region of Aotearoa New Zealand,2023.0,Google Scholar,Daniel,Hikuroa,2024-01-31 12:03:24.115231
Dan Hikuroa,3svcBDsAAAAJ,Reanimating the strangled rivers of Aotearoa New Zealand,2023.0,Google Scholar,Daniel,Hikuroa,2024-01-31 12:03:24.115231
Dan Hikuroa,3svcBDsAAAAJ,"Te Maramataka—An Indigenous System of Attuning with the Environment, and Its Role in Modern Health and Well-Being",2023.0,Google Scholar,Daniel,Hikuroa,2024-01-31 12:03:24.115231
Dan Hikuroa,3svcBDsAAAAJ,Conceptualising Kaupapa Māori science,2023.0,Google Scholar,Daniel,Hikuroa,2024-01-31 12:03:24.115231
Dan Hikuroa,3svcBDsAAAAJ,"Connecting science to Indigenous knowledge: Kaitiakitanga, conservation, and resource management",2023.0,Google Scholar,Daniel,Hikuroa,2024-01-31 12:03:24.115231
Daniel B. Stouffer,1RfyVk4AAAAJ,Using network analysis to study and manage human-mediated dispersal of exotic species,2023.0,Google Scholar,Daniel,Stouffer,2024-01-31 12:03:33.117105
Daniel B. Stouffer,1RfyVk4AAAAJ,"Scale‐dependent effects of landscape structure on pollinator traits, species interactions and pollination success",2023.0,Google Scholar,Daniel,Stouffer,2024-01-31 12:03:33.117105
Daniel B. Stouffer,1RfyVk4AAAAJ,Biotic interactions among temperate rainforest trees are non-additive and environmentally dependent,2023.0,Google Scholar,Daniel,Stouffer,2024-01-31 12:03:33.117105
Daniel B. Stouffer,1RfyVk4AAAAJ,Estimating interaction strengths for diverse horizontal systems using performance data,2023.0,Google Scholar,Daniel,Stouffer,2024-01-31 12:03:33.117105
Daniel B. Stouffer,1RfyVk4AAAAJ,"Environmental context, parameter sensitivity and structural sensitivity impact predictions of annual-plant coexistence",2023.0,Google Scholar,Daniel,Stouffer,2024-01-31 12:03:33.117105
J. David Aguirre,q9BV9soAAAAJ,The Kelp Forest﻿ Challenge: A collaborative global movement to protect and restore 4 million hectares of kelp forests,2023.0,Google Scholar,David,Aguirre,2024-01-31 12:03:38.753315
J. David Aguirre,q9BV9soAAAAJ,CORDAP R&D Technology Roadmap for Understanding the Natural Adaptation and Assisted Evolution of Corals to Climate Change,2023.0,Google Scholar,David,Aguirre,2024-01-31 12:03:38.753315
J. David Aguirre,q9BV9soAAAAJ,"Occurrences of tropical, subtropical and rare marine fishes in Aotearoa New Zealand indicate biodiversity change",2023.0,Google Scholar,David,Aguirre,2024-01-31 12:03:38.753315
J. David Aguirre,q9BV9soAAAAJ,Predicting the impacts of climate change on New Zealand’s seaweed-based ecosystems,2023.0,Google Scholar,David,Aguirre,2024-01-31 12:03:38.753315
J. David Aguirre,q9BV9soAAAAJ,Moving beyond heritability in the search for coral adaptive potential,2023.0,Google Scholar,David,Aguirre,2024-01-31 12:03:38.753315
J. David Aguirre,q9BV9soAAAAJ,The origins of marine fishes endemic to subtropical islands of the Southwest Pacific,2023.0,Google Scholar,David,Aguirre,2024-01-31 12:03:38.753315
J. David Aguirre,q9BV9soAAAAJ,"Impacts of seeding density on the oxidative stress response of the Greenshell™ mussel, Perna canaliculus",2023.0,Google Scholar,David,Aguirre,2024-01-31 12:03:38.753315
David Hayman,HfQdgrcAAAAJ,The One Health High-Level Expert Panel (OHHLEP),2023.0,Google Scholar,David,Hayman,2024-01-31 12:03:49.730690
David Hayman,HfQdgrcAAAAJ,Evaluating active leprosy case identification methods in six districts of Nepal,2023.0,Google Scholar,David,Hayman,2024-01-31 12:03:49.730690
David Hayman,HfQdgrcAAAAJ,"Emerging Zoonotic and Wildlife Pathogens: Disease Ecology, Epidemiology, and Conservation",2023.0,Google Scholar,David,Hayman,2024-01-31 12:03:49.730690
David Hayman,HfQdgrcAAAAJ,"An Early Epidemiological Investigation of COVID-19 in Parsa, Nepal",2023.0,Google Scholar,David,Hayman,2024-01-31 12:03:49.730690
David Hayman,HfQdgrcAAAAJ,Using drivers and transmission pathways to identify SARS-like coronavirus spillover risk hotspots,2023.0,Google Scholar,David,Hayman,2024-01-31 12:03:49.730690
David Hayman,HfQdgrcAAAAJ,Ten golden rules for optimal antibiotic use in hospital settings: the WARNING call to action,2023.0,Google Scholar,David,Hayman,2024-01-31 12:03:49.730690
David Hayman,HfQdgrcAAAAJ,Prevention of zoonotic spillover: From relying on response to reducing the risk at source,2023.0,Google Scholar,David,Hayman,2024-01-31 12:03:49.730690
David Hayman,HfQdgrcAAAAJ,Low risk of variant Creutzfeldt-Jakob disease transmission from blood transfusions in Aotearoa New Zealand suggests donor exclusion policies can be relaxed,2023.0,Google Scholar,David,Hayman,2024-01-31 12:03:49.730690
David Hayman,HfQdgrcAAAAJ,Developing One Health surveillance systems,2023.0,Google Scholar,David,Hayman,2024-01-31 12:03:49.730690
David Hayman,HfQdgrcAAAAJ,Abundant dsRNA picobirnaviruses show little geographic or host association in terrestrial systems,2023.0,Google Scholar,David,Hayman,2024-01-31 12:03:49.730690
David Hayman,HfQdgrcAAAAJ,Diagnosis of protozoa diarrhoea in Campylobacter patients increases markedly with molecular techniques,2023.0,Google Scholar,David,Hayman,2024-01-31 12:03:49.730690
David Hayman,HfQdgrcAAAAJ,"A novel, stain-free, natural auto-fluorescent signal, Sig M, identified from cytometric and transcriptomic analysis of infectivity of Cryptosporidium hominis and …",2023.0,Google Scholar,David,Hayman,2024-01-31 12:03:49.730690
David Hayman,HfQdgrcAAAAJ,Mammal-related Cryptosporidium infections in endemic reptiles of New Zealand,2023.0,Google Scholar,David,Hayman,2024-01-31 12:03:49.730690
David Hayman,HfQdgrcAAAAJ,A review and analysis of cryptosporidiosis outbreaks in New Zealand,2023.0,Google Scholar,David,Hayman,2024-01-31 12:03:49.730690
David Hayman,HfQdgrcAAAAJ,One Health action for health security and equity,2023.0,Google Scholar,David,Hayman,2024-01-31 12:03:49.730690
David Hayman,HfQdgrcAAAAJ,Impact of Infectious Diseases on Wild Bovidae Populations in Thailand: Insights from Population Modelling and Disease Dynamics,2023.0,Google Scholar,David,Hayman,2024-01-31 12:03:49.730690
David Hayman,HfQdgrcAAAAJ,Mapping threatened Thai bovids provides opportunities for improved conservation outcomes in Asia,2023.0,Google Scholar,David,Hayman,2024-01-31 12:03:49.730690
David Hayman,HfQdgrcAAAAJ,The differential diagnoses for severely damaged small intestinal mucosa,2023.0,Google Scholar,David,Hayman,2024-01-31 12:03:49.730690
David Hayman,HfQdgrcAAAAJ,Addressing the challenges of implementing evidence-based prioritisation in global health,2023.0,Google Scholar,David,Hayman,2024-01-31 12:03:49.730690
David Hayman,HfQdgrcAAAAJ,Development of a non-infectious control for viral hemorrhagic fever PCR assays,2023.0,Google Scholar,David,Hayman,2024-01-31 12:03:49.730690
David Hayman,HfQdgrcAAAAJ,Molecular Evidence of Leptospira spp. in Isolated Fijian Bats,2023.0,Google Scholar,David,Hayman,2024-01-31 12:03:49.730690
David Hayman,HfQdgrcAAAAJ,Pandemic treaty: incorporate a One Health framework,2023.0,Google Scholar,David,Hayman,2024-01-31 12:03:49.730690
Dianne Sika-Paotonu,pqW61O0AAAAJ,Diabetes Cam: An Objective Methodology to Study Diabetes Self-Management,2023.0,Google Scholar,Dianne,Sika-Paotonu,2024-01-31 12:04:00.456823
Dianne Sika-Paotonu,pqW61O0AAAAJ,"Cancer incidence, mortality and survival for Pacific Peoples in Aotearoa New Zealand",2023.0,Google Scholar,Dianne,Sika-Paotonu,2024-01-31 12:04:00.456823
Dianne Sika-Paotonu,pqW61O0AAAAJ,Impact of diabetes on surgery and radiotherapy for breast cancer,2023.0,Google Scholar,Dianne,Sika-Paotonu,2024-01-31 12:04:00.456823
Dianne Sika-Paotonu,pqW61O0AAAAJ,Vaccine Immunology in the context of COVID-19,2023.0,Google Scholar,Dianne,Sika-Paotonu,2024-01-31 12:04:00.456823
Dianne Sika-Paotonu,pqW61O0AAAAJ,Viral immunology in the context of COVID-19,2023.0,Google Scholar,Dianne,Sika-Paotonu,2024-01-31 12:04:00.456823
Dianne Sika-Paotonu,pqW61O0AAAAJ,The appropriate application and utilisation of a Pacific model of health and well being for immunology based health sciences education,2023.0,Google Scholar,Dianne,Sika-Paotonu,2024-01-31 12:04:00.456823
Dianne Sika-Paotonu,pqW61O0AAAAJ,Enhancing immunology based health sciences education for addressing health inequities-in the context of COVID-19,2023.0,Google Scholar,Dianne,Sika-Paotonu,2024-01-31 12:04:00.456823
Dianne Sika-Paotonu,pqW61O0AAAAJ,Equity of Cancer and Diabetes Co-Occurrence: A National Study With 44 Million Person-Years of Follow-Up,2023.0,Google Scholar,Dianne,Sika-Paotonu,2024-01-31 12:04:00.456823
Dianne Sika-Paotonu,pqW61O0AAAAJ,Association of diabetes and breast cancer characteristics at diagnosis,2023.0,Google Scholar,Dianne,Sika-Paotonu,2024-01-31 12:04:00.456823
Dion O'Neale,MaderGYAAAAJ,Modelling Aotearoa New Zealand's COVID-19 protection framework and the transition away from the elimination strategy,2023.0,Google Scholar,Dion,O’Neale,2024-01-31 12:04:07.023372
Dion O'Neale,MaderGYAAAAJ,Estimating the e ect of changes in case isolation on the effective reproduction number of COVID-19 in Aotearoa: September 2022,2023.0,Google Scholar,Dion,O’Neale,2024-01-31 12:04:07.023372
Dion O'Neale,MaderGYAAAAJ,Estimating the e ect of Covid Protection Framework policy scenarios on the effective reproduction number of COVID-19 in Aotearoa: August 2022,2023.0,Google Scholar,Dion,O’Neale,2024-01-31 12:04:07.023372
Dion O'Neale,MaderGYAAAAJ,Addendum: Assumption of perfect case isolation within the home when estimating the e ect of a change in case isolation policy,2023.0,Google Scholar,Dion,O’Neale,2024-01-31 12:04:07.023372
Dion O'Neale,MaderGYAAAAJ,Modelling the e ect of changes to the COVID-19 case isolation policy,2023.0,Google Scholar,Dion,O’Neale,2024-01-31 12:04:07.023372
Elodie Blanc,3SsqlCkAAAAJ,Nowcasting from space: tropical cyclones’ impacts on Fiji’s agriculture,2023.0,Google Scholar,Élodie,Blanc,2024-01-31 12:04:11.853985
Elodie Blanc,3SsqlCkAAAAJ,Impacts of droughts and floods on agricultural productivity in New Zealand as measured from space,2023.0,Google Scholar,Élodie,Blanc,2024-01-31 12:04:11.853985
Elodie Blanc,3SsqlCkAAAAJ,Nowcasting from Space: Impact of Tropical Cyclones on Fiji’s Agriculture,2023.0,Google Scholar,Élodie,Blanc,2024-01-31 12:04:11.853985
Emily Harvey,0FInvU4AAAAJ,Modelling Aotearoa New Zealand's COVID-19 protection framework and the transition away from the elimination strategy,2023.0,Google Scholar,Emily,Harvey,2024-01-31 12:04:16.744040
Emma Sharp,XCK_D0oAAAAJ,Doing leadership differently as resistance: Care‐fully reworking Aotearoa New Zealand's research system,2023.0,Google Scholar,Emma,Sharp,2024-01-31 12:04:21.904338
Emma Sharp,XCK_D0oAAAAJ,Climate change impacts on Aotearoa New Zealand: a horizon scan approach,2023.0,Google Scholar,Emma,Sharp,2024-01-31 12:04:21.904338
Emma Sharp,XCK_D0oAAAAJ,Antipodean more‐than‐human geographies: From the edges,2023.0,Google Scholar,Emma,Sharp,2024-01-31 12:04:21.904338
Emma Sharp,XCK_D0oAAAAJ,Complexities of care in insect‐human relations,2023.0,Google Scholar,Emma,Sharp,2024-01-31 12:04:21.904338
Emma Sharp,XCK_D0oAAAAJ,Managing ubiquitous ‘forever chemicals’: More‐than‐human possibilities for the problem of PFAS,2023.0,Google Scholar,Emma,Sharp,2024-01-31 12:04:21.904338
Emma Sharp,XCK_D0oAAAAJ,The Role of Scalar Standards in Qualifying Wines: An Antipodean Study of Biodynamic Wine Values and Valuation.,2023.0,Google Scholar,Emma,Sharp,2024-01-31 12:04:21.904338
Emma Sharp,XCK_D0oAAAAJ,Collective action is needed to build a more just science system,2023.0,Google Scholar,Emma,Sharp,2024-01-31 12:04:21.904338
Emma Sharp,XCK_D0oAAAAJ,Emerging transitions in organic waste infrastructure in Aotearoa New Zealand,2023.0,Google Scholar,Emma,Sharp,2024-01-31 12:04:21.904338
Emma Sharp,XCK_D0oAAAAJ,Combining Outreach and Cross-sectional Research to Gather Children’s Soil Values in Aotearoa New Zealand: Protocol for the Mixed Methods Soilsafe Kids Program,2023.0,Google Scholar,Emma,Sharp,2024-01-31 12:04:21.904338
Emma Sharp,XCK_D0oAAAAJ,A ‘Democracy of Compost’: Neo-materialist Encounters in Urban Spaces,2023.0,Google Scholar,Emma,Sharp,2024-01-31 12:04:21.904338
Emma Sharp,XCK_D0oAAAAJ,"Soil pollution driven by duration of urbanisation and dwelling quality in urban areas: An example from Auckland, New Zealand",2023.0,Google Scholar,Emma,Sharp,2024-01-31 12:04:21.904338
Fraser Morgan,sE2Je-oAAAAJ,A continent-wide detailed geological map dataset of Antarctica,2023.0,Google Scholar,Fraser,Morgan,2024-01-31 12:04:27.807574
Fraser Morgan,sE2Je-oAAAAJ,Forecasting the future of life in Antarctica,2023.0,Google Scholar,Fraser,Morgan,2024-01-31 12:04:27.807574
Gillian Gibb,VhX3VbwAAAAJ,De-novo genome assembly of four rails (Aves: Rallidae): a resource for comparative genomics,2023.0,Google Scholar,GIllian,Gibb,2024-01-31 12:04:34.486591
Gina Grimshaw,JhDH40UAAAAJ,Virtual Reality in Behavioral Neuroscience: New Insights and Methods,2023.0,Google Scholar,Gina,Grimshaw,2024-01-31 12:04:39.370867
Gina Grimshaw,JhDH40UAAAAJ,PSYC242 2023 Misinformation Project,2023.0,Google Scholar,Gina,Grimshaw,2024-01-31 12:04:39.370867
Gina Grimshaw,JhDH40UAAAAJ,The Effects of Fear on Inhibitory Control: How Height Exposure Influences Response Inhibition,2023.0,Google Scholar,Gina,Grimshaw,2024-01-31 12:04:39.370867
Gina Grimshaw,JhDH40UAAAAJ,The Promises and Pitfalls of Virtual Reality,2023.0,Google Scholar,Gina,Grimshaw,2024-01-31 12:04:39.370867
Gina Grimshaw,JhDH40UAAAAJ,Variation in Emotional Distraction Across Psychopathic Traits,2023.0,Google Scholar,Gina,Grimshaw,2024-01-31 12:04:39.370867
Gina Grimshaw,JhDH40UAAAAJ,Emotion in Motion: Perceiving fear in the behaviour of individuals from minimal motion capture displays,2023.0,Google Scholar,Gina,Grimshaw,2024-01-31 12:04:39.370867
Gina Grimshaw,JhDH40UAAAAJ,Walk the plank! Using mobile electroencephalography to investigate emotional lateralization of immersive fear in virtual reality,2023.0,Google Scholar,Gina,Grimshaw,2024-01-31 12:04:39.370867
Gina Grimshaw,JhDH40UAAAAJ,"Laterality indices consensus initiative (LICI): A Delphi expert survey report on recommendations to record, assess, and report asymmetry in human behavioural and brain research",2023.0,Google Scholar,Gina,Grimshaw,2024-01-31 12:04:39.370867
Gina Grimshaw,JhDH40UAAAAJ,"The presence of fear: how subjective fear, not physiological arousal, shapes the experience of presence",2023.0,Google Scholar,Gina,Grimshaw,2024-01-31 12:04:39.370867
Gina Grimshaw,JhDH40UAAAAJ,Emotion dysregulation in nonsuicidal self-injury: Dissociations between global self-reports and real-time responses to emotional challenge,2023.0,Google Scholar,Gina,Grimshaw,2024-01-31 12:04:39.370867
Gina Grimshaw,JhDH40UAAAAJ,Emotional responding to overt and subtle social exclusion among young women who engage in non-suicidal self-injury,2023.0,Google Scholar,Gina,Grimshaw,2024-01-31 12:04:39.370867
Gina Grimshaw,JhDH40UAAAAJ,Lateralization in Agents' Decision Making: Evidence of Benefits/Costs from Artificial Intelligence,2023.0,Google Scholar,Gina,Grimshaw,2024-01-31 12:04:39.370867
Gina Grimshaw,JhDH40UAAAAJ,Lateralized learning for multi-class visual classification tasks,2023.0,Google Scholar,Gina,Grimshaw,2024-01-31 12:04:39.370867
Giulio Valentino Dalla Riva,mJlK_dwAAAAJ,Using network analysis to study and manage human-mediated dispersal of exotic species,2023.0,Google Scholar,Giulio,Dalla Riva,2024-01-31 12:04:44.709858
Giulio Valentino Dalla Riva,mJlK_dwAAAAJ,The future of ecological research will not be (fully) automated,2023.0,Google Scholar,Giulio,Dalla Riva,2024-01-31 12:04:44.709858
Giulio Valentino Dalla Riva,mJlK_dwAAAAJ,"Does the Ministry of Business, Innovation and Employment’s Endeavour Fund deliver on diversity?",2023.0,Google Scholar,Giulio,Dalla Riva,2024-01-31 12:04:44.709858
Giulio Valentino Dalla Riva,mJlK_dwAAAAJ,Epidemiological trends and trajectories of MAFLD-associated hepatocellular carcinoma 2002–2033: The ITA. LI. CA database,2023.0,Google Scholar,Giulio,Dalla Riva,2024-01-31 12:04:44.709858
Grace B. Villamor,PkUDCPsAAAAJ,MASSAI: Multi-agent system for simulating sustainable agricultural intensification of smallholder farms in Africa,2023.0,Google Scholar,Grace,Villamor,2024-01-31 12:04:52.649595
Grace B. Villamor,PkUDCPsAAAAJ,Relational versus instrumental perspectives on values of nature and resource management decisions,2023.0,Google Scholar,Grace,Villamor,2024-01-31 12:04:52.649595
Grace B. Villamor,PkUDCPsAAAAJ,Editorial overview: Values and decisions: How can development trajectories transform,2023.0,Google Scholar,Grace,Villamor,2024-01-31 12:04:52.649595
Grace B. Villamor,PkUDCPsAAAAJ,The relationship between energy and non-energy factors and CO2 emissions in New Zealand,2023.0,Google Scholar,Grace,Villamor,2024-01-31 12:04:52.649595
Grace B. Villamor,PkUDCPsAAAAJ,"Triangulating agent-based models, role-playing games, and a stakeholder-centric approach to change scenarios",2023.0,Google Scholar,Grace,Villamor,2024-01-31 12:04:52.649595
Grace B. Villamor,PkUDCPsAAAAJ,"Ecosystem-Based Adaptation Practices of Smallholder Farmers in the Oti Basin, Togo: Probing Their Effectiveness and Co-Benefits",2023.0,Google Scholar,Grace,Villamor,2024-01-31 12:04:52.649595
Grace B. Villamor,PkUDCPsAAAAJ,"Climate change, risk perceptions and barriers to adaptation among forest growers in New Zealand",2023.0,Google Scholar,Grace,Villamor,2024-01-31 12:04:52.649595
Grace B. Villamor,PkUDCPsAAAAJ,"Comparing households’ perception of flood hazard with historical climate and hydrological data in the Lower Mono River catchment (West Africa), Benin and Togo",2023.0,Google Scholar,Grace,Villamor,2024-01-31 12:04:52.649595
Grace B. Villamor,PkUDCPsAAAAJ,"Perceptions of Climate Change Risk on Agriculture Livelihood in Savanna Region, Northern Togo",2023.0,Google Scholar,Grace,Villamor,2024-01-31 12:04:52.649595
Grace B. Villamor,PkUDCPsAAAAJ,Gender and Water-Energy-Food Nexus in the Rural Highlands of Ethiopia: Where Are the Trade-Offs?,2023.0,Google Scholar,Grace,Villamor,2024-01-31 12:04:52.649595
Grace B. Villamor,PkUDCPsAAAAJ,Climate change adaptation behaviour of forest growers in New Zealand: an application of protection motivation theory,2023.0,Google Scholar,Grace,Villamor,2024-01-31 12:04:52.649595
Grace B. Villamor,PkUDCPsAAAAJ,"Perceptions of Climate Change Risk on Agriculture Livelihood in Savanna Region, Northern Togo. Climate. 2023; 11: 86",2023.0,Google Scholar,Grace,Villamor,2024-01-31 12:04:52.649595
Grace B. Villamor,PkUDCPsAAAAJ,"Ecosystem-Based Adaptation Practices of Smallholder Farmers in the Oti Basin, Togo: Probing Their Effectiveness and Co-Benefits. Ecologies 2023, 4, 535–551",2023.0,Google Scholar,Grace,Villamor,2024-01-31 12:04:52.649595
Graham M Donovan,ZiUSYlMAAAAJ,Which airways should we treat? Structure–function relationships and estimation of the singular input modes from the forward model alone,2023.0,Google Scholar,Graham,Donovan,2024-01-31 12:05:00.559104
Graham M Donovan,ZiUSYlMAAAAJ,Pillars of Theoretical Biology: Airway stability and heterogeneity in the constricted lung,2023.0,Google Scholar,Graham,Donovan,2024-01-31 12:05:00.559104
Graham M Donovan,ZiUSYlMAAAAJ,The airway smooth muscle layer is structurally abnormal in low birth weight infants: implications for obstructive disease,2023.0,Google Scholar,Graham,Donovan,2024-01-31 12:05:00.559104
Graham M Donovan,ZiUSYlMAAAAJ,"If your patient with asthma wheezes when sitting or lying quietly, lung function testing may reveal small airway disease",2023.0,Google Scholar,Graham,Donovan,2024-01-31 12:05:00.559104
Graham M Donovan,ZiUSYlMAAAAJ,Quantifying airway remodelling for research or clinical purposes: How should we normalize for airway size?,2023.0,Google Scholar,Graham,Donovan,2024-01-31 12:05:00.559104
Graham M Donovan,ZiUSYlMAAAAJ,Heterogeneity of airway smooth muscle remodeling in asthma,2023.0,Google Scholar,Graham,Donovan,2024-01-31 12:05:00.559104
Hiran Thabrew,g8DH5gYAAAAJ,Exploring the Usability and Acceptability of a Well-Being App for Adolescents Living With Type 1 Diabetes: Qualitative Study,2023.0,Google Scholar,Hiran,Thabrew,2024-01-31 12:05:09.888291
Hiran Thabrew,g8DH5gYAAAAJ,Proximity of alcohol outlets and presentation to hospital by young people after self-harm: A retrospective geospatial study using the integrated data infrastructure,2023.0,Google Scholar,Hiran,Thabrew,2024-01-31 12:05:09.888291
Hiran Thabrew,g8DH5gYAAAAJ,Systematic Review and Meta-Analysis of Psychological Interventions for Anxiety in Children and Youth with Chronic Medical Conditions,2023.0,Google Scholar,Hiran,Thabrew,2024-01-31 12:05:09.888291
Hiran Thabrew,g8DH5gYAAAAJ,"The environment a young person grows up in is associated with their mental health: A nationwide geospatial study using the integrated data infrastructure, New Zealand",2023.0,Google Scholar,Hiran,Thabrew,2024-01-31 12:05:09.888291
Hiran Thabrew,g8DH5gYAAAAJ,"Acceptability and Feasibility of “Village,” a Digital Communication App for Young People Experiencing Low Mood, Thoughts of Self-harm, and Suicidal Ideation to Obtain Support …",2023.0,Google Scholar,Hiran,Thabrew,2024-01-31 12:05:09.888291
Hiran Thabrew,g8DH5gYAAAAJ,O is for Awesome: National Survey of New Zealand School-Based Well-being and Mental Health Interventions,2023.0,Google Scholar,Hiran,Thabrew,2024-01-31 12:05:09.888291
Hiran Thabrew,g8DH5gYAAAAJ,Identification of mental health and substance use-related conditions among Pasifika young people in Aotearoa New Zealand-a national cross-sectional study using the Integrated …,2023.0,Google Scholar,Hiran,Thabrew,2024-01-31 12:05:09.888291
Hiran Thabrew,g8DH5gYAAAAJ,Identifying neurodevelopmental disabilities from nationalised preschool health check,2023.0,Google Scholar,Hiran,Thabrew,2024-01-31 12:05:09.888291
Hiran Thabrew,g8DH5gYAAAAJ,The role of gamification in digital mental health,2023.0,Google Scholar,Hiran,Thabrew,2024-01-31 12:05:09.888291
Hiran Thabrew,g8DH5gYAAAAJ,Control alt delete–technology and children's mental health,2023.0,Google Scholar,Hiran,Thabrew,2024-01-31 12:05:09.888291
Hiran Thabrew,g8DH5gYAAAAJ,Protocol: An open-label pilot trial of faecal microbiome transfer to restore the gut microbiome in anorexia nervosa: protocol,2023.0,Google Scholar,Hiran,Thabrew,2024-01-31 12:05:09.888291
Hitaua Arahanga-Doyle,yINTHKsAAAAJ,‘We’ll be okay together’: navigating challenges as queer university students in Aotearoa New Zealand,2023.0,Google Scholar,Hitaua,Arahanga-Doyle,2024-01-31 12:05:16.073711
Hitaua Arahanga-Doyle,yINTHKsAAAAJ,‘Is it worth potentially dealing with someone who won't get it?’: LGBTQA+ university students’ perspectives on mental health care,2023.0,Google Scholar,Hitaua,Arahanga-Doyle,2024-01-31 12:05:16.073711
Hitaua Arahanga-Doyle,yINTHKsAAAAJ,Police Ten 7 feeds racial stereotypes of Maori and Pasifika peoples in Aotearoa New Zealand.,2023.0,Google Scholar,Hitaua,Arahanga-Doyle,2024-01-31 12:05:16.073711
Professor Holly Thorpe,jKnJDPMAAAAJ,Ageing in DIY and alternative cultures: Exploring forms of masculinity and adult play in  Jackass forever,2023.0,Google Scholar,Holly,Thorpe,2024-01-31 12:05:28.230832
Professor Holly Thorpe,jKnJDPMAAAAJ,The Body,2023.0,Google Scholar,Holly,Thorpe,2024-01-31 12:05:28.230832
Professor Holly Thorpe,jKnJDPMAAAAJ,Visibility and vulnerability on Instagram: negotiating safety in women’s online-offline fitness spaces,2023.0,Google Scholar,Holly,Thorpe,2024-01-31 12:05:28.230832
Professor Holly Thorpe,jKnJDPMAAAAJ,“You better stay healthy and postpone any illness until I can be with you”: the multidirectional ‘care ecologies’ of migrant women during the COVID-19 pandemic,2023.0,Google Scholar,Holly,Thorpe,2024-01-31 12:05:28.230832
Professor Holly Thorpe,jKnJDPMAAAAJ,Migrant Women’s (Non) Belonging in Pandemic Times: An Intersectional Analysis of Home/Land,2023.0,Google Scholar,Holly,Thorpe,2024-01-31 12:05:28.230832
Professor Holly Thorpe,jKnJDPMAAAAJ,‘No rest from the mess’: an intersectional analysis of young women’s pandemic lives in Aotearoa New Zealand,2023.0,Google Scholar,Holly,Thorpe,2024-01-31 12:05:28.230832
Professor Holly Thorpe,jKnJDPMAAAAJ,"“We seek those moments of togetherness”: digital intimacies, virtual touch and becoming community in pandemic times",2023.0,Google Scholar,Holly,Thorpe,2024-01-31 12:05:28.230832
Professor Holly Thorpe,jKnJDPMAAAAJ,Media framings of the transgender athlete as “legitimate controversy”: The case of Laurel Hubbard at the Tokyo Olympics,2023.0,Google Scholar,Holly,Thorpe,2024-01-31 12:05:28.230832
Professor Holly Thorpe,jKnJDPMAAAAJ,Advancing Knowledge of the Bio-Cultural Complexities of Low Energy Availability: The Value of Mixed-Methods Approaches,2023.0,Google Scholar,Holly,Thorpe,2024-01-31 12:05:28.230832
Professor Holly Thorpe,jKnJDPMAAAAJ,“My Thighs Can Squash You”: Young Māori and Pasifika Wāhine Celebration of Strong Brown Bodies,2023.0,Google Scholar,Holly,Thorpe,2024-01-31 12:05:28.230832
Professor Holly Thorpe,jKnJDPMAAAAJ,Women's Physical Activity as Becoming: Lines of Flight from the Fitness Assemblage,2023.0,Google Scholar,Holly,Thorpe,2024-01-31 12:05:28.230832
Professor Holly Thorpe,jKnJDPMAAAAJ,Affective geographies in pandemic times: An intersectional analysis of women's wellbeing in Aotearoa New Zealand,2023.0,Google Scholar,Holly,Thorpe,2024-01-31 12:05:28.230832
Professor Holly Thorpe,jKnJDPMAAAAJ,"Postfeminism, consumption and activewear: Examining women consumers’ relationship with the postfeminine ideal",2023.0,Google Scholar,Holly,Thorpe,2024-01-31 12:05:28.230832
Professor Holly Thorpe,jKnJDPMAAAAJ,"“If You Didn’t Exercise during Lockdown, What Were You Even Doing?”: Young Women, Sport, and Fitness in Pandemic Times",2023.0,Google Scholar,Holly,Thorpe,2024-01-31 12:05:28.230832
Professor Holly Thorpe,jKnJDPMAAAAJ,'I just don't trust my pelvic floor': Examining the bio-social barriers to maternal health and physical activity participation in a sample of mothers' from New Zealand,2023.0,Google Scholar,Holly,Thorpe,2024-01-31 12:05:28.230832
Professor Holly Thorpe,jKnJDPMAAAAJ,Introduction: Assembling COVID/COVID Assemblages,2023.0,Google Scholar,Holly,Thorpe,2024-01-31 12:05:28.230832
Professor Holly Thorpe,jKnJDPMAAAAJ,Journalists on a journey: Towards responsible media on transgender participation in sport,2023.0,Google Scholar,Holly,Thorpe,2024-01-31 12:05:28.230832
Professor Holly Thorpe,jKnJDPMAAAAJ,Experimenting with Research Creation During a Pandemic: Making Time Capsules with Girls in Sport,2023.0,Google Scholar,Holly,Thorpe,2024-01-31 12:05:28.230832
Professor Holly Thorpe,jKnJDPMAAAAJ,"Women sport and fitness professionals in pandemic times: Feminist ethics, digital connection and becoming community",2023.0,Google Scholar,Holly,Thorpe,2024-01-31 12:05:28.230832
Professor Holly Thorpe,jKnJDPMAAAAJ,"The Changing Nature of Asian Participation in Play, Active Recreation and Sport Voices from the Community",2023.0,Google Scholar,Holly,Thorpe,2024-01-31 12:05:28.230832
Professor Holly Thorpe,jKnJDPMAAAAJ,A feminist embodied ethics of social media use: Corporeal vulnerability and relational care practices,2023.0,Google Scholar,Holly,Thorpe,2024-01-31 12:05:28.230832
Professor Holly Thorpe,jKnJDPMAAAAJ,Diffractive Respondings and Cutting Together-Apart: Toward More-Than-Human Academic Community,2023.0,Google Scholar,Holly,Thorpe,2024-01-31 12:05:28.230832
Professor Holly Thorpe,jKnJDPMAAAAJ,The special issue as diffractive process: A collaborative dialogue,2023.0,Google Scholar,Holly,Thorpe,2024-01-31 12:05:28.230832
Professor Holly Thorpe,jKnJDPMAAAAJ,Diffracting the Special Issue: The Co-Emergence of Response-Able Collaboration,2023.0,Google Scholar,Holly,Thorpe,2024-01-31 12:05:28.230832
Professor Holly Thorpe,jKnJDPMAAAAJ,"The pandemic as gender arrhythmia: Women’s bodies, counter rhythms and critique of everyday life",2023.0,Google Scholar,Holly,Thorpe,2024-01-31 12:05:28.230832
Professor Holly Thorpe,jKnJDPMAAAAJ,"Reconceptualizing women's wellbeing during the pandemic: Sport, fitness and more-than-human connection",2023.0,Google Scholar,Holly,Thorpe,2024-01-31 12:05:28.230832
Professor Holly Thorpe,jKnJDPMAAAAJ,"Advancing feminist innovation in sport studies: A transdisciplinary dialogue on gender, health and wellbeing",2023.0,Google Scholar,Holly,Thorpe,2024-01-31 12:05:28.230832
Professor Holly Thorpe,jKnJDPMAAAAJ,Sport and physical culture in global pandemic times: COVID assemblages,2023.0,Google Scholar,Holly,Thorpe,2024-01-31 12:05:28.230832
Isabel Castro,CVEIwcQAAAAJ,Extracurricular Music Activities in School and School Engagement: Students’ and Teachers’ Perspectives,2023.0,Google Scholar,Isabel,Castro,2024-01-31 12:05:43.018308
Isabel Castro,CVEIwcQAAAAJ,No evidence for sampling bias caused by capture method or time in Apteryx mantelli,2023.0,Google Scholar,Isabel,Castro,2024-01-31 12:05:43.018308
Jesse Whitehead,pHjNU0gAAAAJ,Rural Community Landscapes of Health,2023.0,Google Scholar,Jesse,Whitehead,2024-01-31 12:05:50.001242
Jesse Whitehead,pHjNU0gAAAAJ,"Moving for good? Patterns of early childhood residential mobility, unmet healthcare",2023.0,Google Scholar,Jesse,Whitehead,2024-01-31 12:05:50.001242
Jesse Whitehead,pHjNU0gAAAAJ,Comparison of urban and rural mortality rates across the lifespan in Aotearoa/New Zealand: a population-level study,2023.0,Google Scholar,Jesse,Whitehead,2024-01-31 12:05:50.001242
Jesse Whitehead,pHjNU0gAAAAJ,Emergency presentation prior to lung cancer diagnosis: A national-level examination of disparities and survival outcomes,2023.0,Google Scholar,Jesse,Whitehead,2024-01-31 12:05:50.001242
Jesse Whitehead,pHjNU0gAAAAJ,Unmasking hidden disparities: a comparative observational study examining the impact of different rurality classifications for health research in Aotearoa New Zealand,2023.0,Google Scholar,Jesse,Whitehead,2024-01-31 12:05:50.001242
Jesse Whitehead,pHjNU0gAAAAJ,Defining catchment boundaries and their populations for Aotearoa New Zealand’s rural hospitals,2023.0,Google Scholar,Jesse,Whitehead,2024-01-31 12:05:50.001242
Jesse Whitehead,pHjNU0gAAAAJ,Māori data governance model,2023.0,Google Scholar,Jesse,Whitehead,2024-01-31 12:05:50.001242
Jesse Whitehead,pHjNU0gAAAAJ,Development of an interactive web-app to examine rural-urban variation in COVID-19 vaccination rates and to inform case-study site selection.,2023.0,Google Scholar,Jesse,Whitehead,2024-01-31 12:05:50.001242
Jesse Whitehead,pHjNU0gAAAAJ,"Inequities in COVID-19 Omicron infections and hospitalisations for Māori and Pacific people in Te Manawa Taki Midland region, New Zealand",2023.0,Google Scholar,Jesse,Whitehead,2024-01-31 12:05:50.001242
Jodie Hunter,hBdEqeYAAAAJ,Weaving together the threads of Indigenous knowledge and mathematics,2023.0,Google Scholar,Jodie,Hunter,2024-01-31 12:05:58.396561
Jodie Hunter,hBdEqeYAAAAJ,HOW SOCIO-ECOLOGICAL ISSUES ARE URGING CHANGES IN CURRICULUM (AND BEYOND),2023.0,Google Scholar,Jodie,Hunter,2024-01-31 12:05:58.396561
Jodie Hunter,hBdEqeYAAAAJ,Working towards equity for diverse learners: Drawing on values and ways of being as strengths in mathematics classrooms,2023.0,Google Scholar,Jodie,Hunter,2024-01-31 12:05:58.396561
Jodie Hunter,hBdEqeYAAAAJ,Examining the mathematics education values of diverse groups of students,2023.0,Google Scholar,Jodie,Hunter,2024-01-31 12:05:58.396561
Jodie Hunter,hBdEqeYAAAAJ,Learning to Notice Algebraically: The Impact of Designed Instructional Material on Student Thinking.,2023.0,Google Scholar,Jodie,Hunter,2024-01-31 12:05:58.396561
Jonathan D Tonkin,Mtn0TIwAAAAJ,Matrix community models for ecology and evolution,2023.0,Google Scholar,Jonathan,Tonkin,2024-01-31 12:06:08.372576
Jonathan D Tonkin,Mtn0TIwAAAAJ,Understanding temporal variability across trophic levels and spatial scales in freshwater ecosystems,2023.0,Google Scholar,Jonathan,Tonkin,2024-01-31 12:06:08.372576
Jonathan D Tonkin,Mtn0TIwAAAAJ,Climate change impacts on Aotearoa New Zealand: a horizon scan approach,2023.0,Google Scholar,Jonathan,Tonkin,2024-01-31 12:06:08.372576
Jonathan D Tonkin,Mtn0TIwAAAAJ,A metasystem approach to designing environmental flows,2023.0,Google Scholar,Jonathan,Tonkin,2024-01-31 12:06:08.372576
Jonathan D Tonkin,Mtn0TIwAAAAJ,Diversity–stability relationships across organism groups and ecosystem types become decoupled across spatial scales,2023.0,Google Scholar,Jonathan,Tonkin,2024-01-31 12:06:08.372576
Jonathan D Tonkin,Mtn0TIwAAAAJ,Taxonomic and functional reorganization in Central European stream macroinvertebrate communities over 25 years,2023.0,Google Scholar,Jonathan,Tonkin,2024-01-31 12:06:08.372576
Jonathan D Tonkin,Mtn0TIwAAAAJ,The global EPTO database: Worldwide occurrences of aquatic insects,2023.0,Google Scholar,Jonathan,Tonkin,2024-01-31 12:06:08.372576
Jonathan D Tonkin,Mtn0TIwAAAAJ,The power of forecasts to advance ecological theory,2023.0,Google Scholar,Jonathan,Tonkin,2024-01-31 12:06:08.372576
Jonathan D Tonkin,Mtn0TIwAAAAJ,Species interactions drive continuous assembly of freshwater communities in stochastic environments,2023.0,Google Scholar,Jonathan,Tonkin,2024-01-31 12:06:08.372576
Jonathan D Tonkin,Mtn0TIwAAAAJ,Priorities for synthesis research in ecology and environmental science,2023.0,Google Scholar,Jonathan,Tonkin,2024-01-31 12:06:08.372576
Jonathan D Tonkin,Mtn0TIwAAAAJ,"Causes, responses, and implications of anthropogenic versus natural flow intermittence in river networks",2023.0,Google Scholar,Jonathan,Tonkin,2024-01-31 12:06:08.372576
Jonathan D Tonkin,Mtn0TIwAAAAJ,Forecasting the future of life in Antarctica,2023.0,Google Scholar,Jonathan,Tonkin,2024-01-31 12:06:08.372576
Julia Talbot-Jones,80v_y-YAAAAJ,Urban water security: Assessing the impacts of metering and pricing in Aotearoa New Zealand,2023.0,Google Scholar,Julia,Talbot-Jones,2024-01-31 12:06:14.261693
Julia Talbot-Jones,80v_y-YAAAAJ,Water clubs: a new model for managing freshwater in small catchments,2023.0,Google Scholar,Julia,Talbot-Jones,2024-01-31 12:06:14.261693
Julia Talbot-Jones,80v_y-YAAAAJ,Designing Law and Policy for the Health and Resilience of Marine and Coastal Ecosystems—Lessons From (and for) Aotearoa New Zealand,2023.0,Google Scholar,Julia,Talbot-Jones,2024-01-31 12:06:14.261693
Julia Talbot-Jones,80v_y-YAAAAJ,Self-determination,2023.0,Google Scholar,Julia,Talbot-Jones,2024-01-31 12:06:14.261693
Julia Talbot-Jones,80v_y-YAAAAJ,"A systems perspective on water markets: barriers, bright spots, and building blocks for the next generation",2023.0,Google Scholar,Julia,Talbot-Jones,2024-01-31 12:06:14.261693
Julia Talbot-Jones,80v_y-YAAAAJ,Learning from innovative governance examples to enhance EBM practices,2023.0,Google Scholar,Julia,Talbot-Jones,2024-01-31 12:06:14.261693
Kelly Blincoe,lqL9DsoAAAAJ,A Digital Twin Based Framework for Real-Time Machine Condition Monitoring,2023.0,Google Scholar,Kelly,Blincoe,2024-01-31 12:06:22.737372
Kelly Blincoe,lqL9DsoAAAAJ,Identifying refactoring opportunities for large packages by analyzing maintainability characteristics in Java OSS,2023.0,Google Scholar,Kelly,Blincoe,2024-01-31 12:06:22.737372
Kelly Blincoe,lqL9DsoAAAAJ,"Human-centric software engineering–Approaches, technologies, and applications",2023.0,Google Scholar,Kelly,Blincoe,2024-01-31 12:06:22.737372
Kelly Blincoe,lqL9DsoAAAAJ,Preface to the Special issue on the 36th IEEE International Conference on Software Maintenance and Evolution (ICSME 2020),2023.0,Google Scholar,Kelly,Blincoe,2024-01-31 12:06:22.737372
Kelly Blincoe,lqL9DsoAAAAJ,Human-centric Literature on Trust for SfTI Veracity Spearhead,2023.0,Google Scholar,Kelly,Blincoe,2024-01-31 12:06:22.737372
Kelly Blincoe,lqL9DsoAAAAJ,"Evaluating software user feedback classifier performance on unseen apps, datasets, and metadata",2023.0,Google Scholar,Kelly,Blincoe,2024-01-31 12:06:22.737372
Kelly Blincoe,lqL9DsoAAAAJ,An Experiment on the Effects of Modularity on Code Modification and Understanding,2023.0,Google Scholar,Kelly,Blincoe,2024-01-31 12:06:22.737372
Kelly Blincoe,lqL9DsoAAAAJ,Quantifying Requirements Technical Debt: A Systematic Mapping Study and a Conceptual Model,2023.0,Google Scholar,Kelly,Blincoe,2024-01-31 12:06:22.737372
Kelly Blincoe,lqL9DsoAAAAJ,Deep Learning based Time-Frequency Image Enhancement Method for Machinery Health Monitoring,2023.0,Google Scholar,Kelly,Blincoe,2024-01-31 12:06:22.737372
Kelly Blincoe,lqL9DsoAAAAJ,Understanding Breaking Changes in the Wild,2023.0,Google Scholar,Kelly,Blincoe,2024-01-31 12:06:22.737372
Kelly Blincoe,lqL9DsoAAAAJ,What have we learned? A Conceptual Framework on New Zealand Software Professionals and Companies’ Response to COVID-19,2023.0,Google Scholar,Kelly,Blincoe,2024-01-31 12:06:22.737372
Kelly Blincoe,lqL9DsoAAAAJ,"Understanding the relationship between Technical Debt, New Code Cost and Rework Cost in Open-Source Software Projects: An Empirical Study",2023.0,Google Scholar,Kelly,Blincoe,2024-01-31 12:06:22.737372
Kelly Blincoe,lqL9DsoAAAAJ,Elicitation Revisited for More Inclusive Requirements Engineering,2023.0,Google Scholar,Kelly,Blincoe,2024-01-31 12:06:22.737372
Kelly Blincoe,lqL9DsoAAAAJ,"Concerns identified in code review: A fine-grained, faceted classification",2023.0,Google Scholar,Kelly,Blincoe,2024-01-31 12:06:22.737372
Kirsten Locke,KuDLalcAAAAJ,Part 3: Anthropology of Policy,2023.0,Google Scholar,Kirsten,Locke,2024-01-31 12:06:29.118510
Kirsten Locke,KuDLalcAAAAJ,Doing leadership differently as resistance: Care‐fully reworking Aotearoa New Zealand's research system,2023.0,Google Scholar,Kirsten,Locke,2024-01-31 12:06:29.118510
Kirsten Locke,KuDLalcAAAAJ,Critical Citizenship Versus ‘High Individualism’in Education,2023.0,Google Scholar,Kirsten,Locke,2024-01-31 12:06:29.118510
Kirsten Locke,KuDLalcAAAAJ,Collective action is needed to build a more just science system,2023.0,Google Scholar,Kirsten,Locke,2024-01-31 12:06:29.118510
Kirsten Locke,KuDLalcAAAAJ,The sex or the head? Feminine voices and academic women through the work of Hélène Cixous,2023.0,Google Scholar,Kirsten,Locke,2024-01-31 12:06:29.118510
Kyle Higham,Ze-7kTYAAAAJ,Language Barriers and the Speed of International Knowledge Diffusion,2023.0,Google Scholar,Kyle,Higham,2024-01-31 12:06:36.655966
Leilani Walker,eLYlC84AAAAJ,Doing leadership differently as resistance: Care‐fully reworking Aotearoa New Zealand's research system,2023.0,Google Scholar,Leilani,Walker,2024-01-31 12:06:41.360240
Leilani Walker,eLYlC84AAAAJ,Experiences of indigenous (Māori/Pasifika) early career academics,2023.0,Google Scholar,Leilani,Walker,2024-01-31 12:06:41.360240
Leilani Walker,eLYlC84AAAAJ,Collective action is needed to build a more just science system,2023.0,Google Scholar,Leilani,Walker,2024-01-31 12:06:41.360240
Leilani Walker,eLYlC84AAAAJ,Initiating open access licensing in the New Zealand Journal of Ecology to further promote ecological science and better align copyright with the intent of Te Tiriti o Waitangi,2023.0,Google Scholar,Leilani,Walker,2024-01-31 12:06:41.360240
Libby Liggins,qRwdoDkAAAAJ,Genetic confirmation of Tridacna noae (Röding 1798) in the Cook Islands,2023.0,Google Scholar,Libby,Liggins,2024-01-31 12:06:48.627618
Libby Liggins,qRwdoDkAAAAJ,Aotearoa genomic data repository: An āhuru mōwai for taonga species sequencing data,2023.0,Google Scholar,Libby,Liggins,2024-01-31 12:06:48.627618
Libby Liggins,qRwdoDkAAAAJ,Predicting the impacts of climate change on New Zealand’s seaweed-based ecosystems,2023.0,Google Scholar,Libby,Liggins,2024-01-31 12:06:48.627618
Libby Liggins,qRwdoDkAAAAJ,Journeying towards best practice data management in biodiversity genomics,2023.0,Google Scholar,Libby,Liggins,2024-01-31 12:06:48.627618
Libby Liggins,qRwdoDkAAAAJ,Importance of timely metadata curation to the global surveillance of genetic diversity,2023.0,Google Scholar,Libby,Liggins,2024-01-31 12:06:48.627618
Libby Liggins,qRwdoDkAAAAJ,"Occurrences of tropical, subtropical, and rare marine fishes in Aotearoa New Zealand indicate biodiversity change",2023.0,Google Scholar,Libby,Liggins,2024-01-31 12:06:48.627618
Libby Liggins,qRwdoDkAAAAJ,The origins of marine fishes endemic to subtropical islands of the Southwest Pacific,2023.0,Google Scholar,Libby,Liggins,2024-01-31 12:06:48.627618
Lisa I. Pilkington,yi87D2cAAAAJ,A green liquid chromatography-tandem mass spectrometry method for the simultaneous analysis of volatile thiols and their precursors in oenological samples,2023.0,Google Scholar,Lisa,Pilkington,2024-01-31 12:06:56.288238
Lisa I. Pilkington,yi87D2cAAAAJ,Synthesis and Anti-Proliferative Activity of 5-Benzoyl and 5-Benzylhydroxy Derivatives of 3-Amino-2-Arylcarboxamido-Thieno[2-3-b]Pyridines,2023.0,Google Scholar,Lisa,Pilkington,2024-01-31 12:06:56.288238
Lisa I. Pilkington,yi87D2cAAAAJ,Synthesis and antibacterial analysis of C-6 amino-functionalised chitosan derivatives,2023.0,Google Scholar,Lisa,Pilkington,2024-01-31 12:06:56.288238
Lisa I. Pilkington,yi87D2cAAAAJ,Synthesis of a novel isotopically labelled standard for quantification of γ-nonalactone in New Zealand Pinot noir via SIDA-SPE-GC–MS,2023.0,Google Scholar,Lisa,Pilkington,2024-01-31 12:06:56.288238
Lisa I. Pilkington,yi87D2cAAAAJ,"Total Synthesis of Linear Coumarniolignoids (+) and (−)-Sapiumin C,(−)-Moluccanin, and (−)-Hemidesminine",2023.0,Google Scholar,Lisa,Pilkington,2024-01-31 12:06:56.288238
Lisa I. Pilkington,yi87D2cAAAAJ,Exploring the Equilibrium between Glut3SHal and Glut3SH–SO3: A Method for the Quantification of These Compounds in Wine,2023.0,Google Scholar,Lisa,Pilkington,2024-01-31 12:06:56.288238
Lisa I. Pilkington,yi87D2cAAAAJ,Electrochemical Approach for Specific Capture and Rapid Release of Nanoscale Placental Extracellular Vesicles Using Aptamer-Modified Conducting Terpolymer-Coated Carbon Cloth,2023.0,Google Scholar,Lisa,Pilkington,2024-01-31 12:06:56.288238
Lisa I. Pilkington,yi87D2cAAAAJ,"Investigation of 2-phenylimidazo[1,2-a]quinolines as potential antiproliferative agents",2023.0,Google Scholar,Lisa,Pilkington,2024-01-31 12:06:56.288238
Lisa I. Pilkington,yi87D2cAAAAJ,Characterization of polysulfides in Saccharomyces cerevisiae cells and finished wine from a cysteine-supplemented model grape medium,2023.0,Google Scholar,Lisa,Pilkington,2024-01-31 12:06:56.288238
Lisa I. Pilkington,yi87D2cAAAAJ,Synthesis and Anti-Proliferative Evaluation of Arctigenin Analogues with C-9′ Derivatisation,2023.0,Google Scholar,Lisa,Pilkington,2024-01-31 12:06:56.288238
Lisa I. Pilkington,yi87D2cAAAAJ,"Porous bioelectronic substrates for simple electrochemical conjugation and subsequent, controlled electrochemical release of antisense oligonucleotide drug",2023.0,Google Scholar,Lisa,Pilkington,2024-01-31 12:06:56.288238
Lisa I. Pilkington,yi87D2cAAAAJ,The cleanability of laser etched surfaces with repeated fouling using Staphylococcus aureus and milk,2023.0,Google Scholar,Lisa,Pilkington,2024-01-31 12:06:56.288238
Mairead de Roiste,hLaHjh8AAAAJ,Immersive visualization for ecosystem services analysis,2023.0,Google Scholar,Mairéad ,de Róiste,2024-01-31 12:07:05.498907
Mairead de Roiste,hLaHjh8AAAAJ,A multiscale perspective on how much wetland restoration is needed to achieve targets for ecosystem services,2023.0,Google Scholar,Mairéad ,de Róiste,2024-01-31 12:07:05.498907
Mairead de Roiste,hLaHjh8AAAAJ,Each discipline is different: teacher capabilities for future-focussed digitally infused undergraduate programmes,2023.0,Google Scholar,Mairéad ,de Róiste,2024-01-31 12:07:05.498907
Mairead de Roiste,hLaHjh8AAAAJ,Each discipline is different: teacher capabilities for future-focussed digitally infused undergraduate programmes,2023.0,Google Scholar,Mairéad ,de Róiste,2024-01-31 12:07:05.498907
marama muru-lanning,80aVSRcAAAAJ,Indonesia's nickel export restriction policy: alternative on environmental approach for Article XI: 1 GATT justification,2023.0,Google Scholar,Marama,Muru-Lanning,2024-01-31 12:07:10.844980
marama muru-lanning,80aVSRcAAAAJ,Dietary Protein Intake and Physical Function in Māori and Non-Māori Adults of Advanced Age in New Zealand: LiLACS NZ,2023.0,Google Scholar,Marama,Muru-Lanning,2024-01-31 12:07:10.844980
Marcus Frean,fu9lhjoAAAAJ,Statistics of Turbulence in the Solar Wind. I. What is the Reynolds Number of the Solar Wind?,2023.0,Google Scholar,Marcus,Frean,2024-01-31 12:07:20.358578
Marcus Frean,fu9lhjoAAAAJ,Informed Adaptive Sensing,2023.0,Google Scholar,Marcus,Frean,2024-01-31 12:07:20.358578
Marcus Frean,fu9lhjoAAAAJ,Eco-evolutionary Logic of Mutualisms,2023.0,Google Scholar,Marcus,Frean,2024-01-31 12:07:20.358578
Marcus Frean,fu9lhjoAAAAJ,Score-mediated mutual consent and indirect reciprocity,2023.0,Google Scholar,Marcus,Frean,2024-01-31 12:07:20.358578
Mark Gahegan,zEqatoMAAAAJ,LivePublication: The science workflow creates and updates the publication,2023.0,Google Scholar,Mark,Gahegan,2024-01-31 12:07:29.773924
Mark Gahegan,zEqatoMAAAAJ,Multi2Claim: Generating Scientific Claims from Multi-Choice Questions for Scientific Fact-Checking,2023.0,Google Scholar,Mark,Gahegan,2024-01-31 12:07:29.773924
Mark Gahegan,zEqatoMAAAAJ,Input-length-shortening and text generation via attention values,2023.0,Google Scholar,Mark,Gahegan,2024-01-31 12:07:29.773924
Mark Gahegan,zEqatoMAAAAJ,Input-length-shortening and text generation via attention values,2023.0,Google Scholar,Mark,Gahegan,2024-01-31 12:07:29.773924
Mark Gahegan,zEqatoMAAAAJ,From Reproducible to Explainable GIScience (Short Paper),2023.0,Google Scholar,Mark,Gahegan,2024-01-31 12:07:29.773924
Markus Luczak-Roesch,H2ONJ40AAAAJ,Conceptualizing the Evolving Nature of Computational Propaganda: A Systematic Literature Review,2023.0,Google Scholar,Markus,Luczak-Roesch,2024-01-31 12:07:36.603606
Markus Luczak-Roesch,H2ONJ40AAAAJ,The issue of measurement invariance–Rethinking mapping processes and their theoretical implications,2023.0,Google Scholar,Markus,Luczak-Roesch,2024-01-31 12:07:36.603606
Markus Luczak-Roesch,H2ONJ40AAAAJ,"Evidence-inclusive communication: steering crisis leadership outcomes in Portugal, Brazil, New Zealand, and the US",2023.0,Google Scholar,Markus,Luczak-Roesch,2024-01-31 12:07:36.603606
Markus Luczak-Roesch,H2ONJ40AAAAJ,The Veracity Grand Challenge in Computing: A Perspective from Aotearoa New Zealand,2023.0,Google Scholar,Markus,Luczak-Roesch,2024-01-31 12:07:36.603606
Markus Luczak-Roesch,H2ONJ40AAAAJ,Human-centric Literature on Trust for SfTI Veracity Spearhead,2023.0,Google Scholar,Markus,Luczak-Roesch,2024-01-31 12:07:36.603606
Markus Luczak-Roesch,H2ONJ40AAAAJ,On Retrofitting Provenance for Transparent and Fair Software-Drivers and Challenges,2023.0,Google Scholar,Markus,Luczak-Roesch,2024-01-31 12:07:36.603606
Markus Luczak-Roesch,H2ONJ40AAAAJ,What does ChatGPT return about human values? Exploring value bias in ChatGPT using a descriptive value theory,2023.0,Google Scholar,Markus,Luczak-Roesch,2024-01-31 12:07:36.603606
Markus Luczak-Roesch,H2ONJ40AAAAJ,What holds society together? Tracking moral courage across 75 years and three democratic societies,2023.0,Google Scholar,Markus,Luczak-Roesch,2024-01-31 12:07:36.603606
Markus Luczak-Roesch,H2ONJ40AAAAJ,Tracing the evolution of personality cognition in early human civilisations: A computational analysis of the Gilgamesh epic,2023.0,Google Scholar,Markus,Luczak-Roesch,2024-01-31 12:07:36.603606
Markus Luczak-Roesch,H2ONJ40AAAAJ,A computational approach to study the gap and barriers between science and policy,2023.0,Google Scholar,Markus,Luczak-Roesch,2024-01-31 12:07:36.603606
Matiu Prebble,AZT37l0AAAAJ,"How agriculture, droughts and diseases shaped the island environments of Remote Oceania over the last Millennium",2023.0,Google Scholar,Matiu,Prebble,2024-01-31 12:07:43.898527
Matiu Prebble,AZT37l0AAAAJ,Wetter climate favouring early Lapita horticulture in Remote Oceania,2023.0,Google Scholar,Matiu,Prebble,2024-01-31 12:07:43.898527
Matiu Prebble,AZT37l0AAAAJ,Influences of sea level changes and volcanic eruptions on Holocene vegetation in Tonga,2023.0,Google Scholar,Matiu,Prebble,2024-01-31 12:07:43.898527
Matiu Prebble,AZT37l0AAAAJ,Long‐term trajectories of non‐native vegetation on islands globally,2023.0,Google Scholar,Matiu,Prebble,2024-01-31 12:07:43.898527
Matiu Prebble,AZT37l0AAAAJ,"Island ecosystem responses to the Kuwae eruption and precipitation change over the last 1600 years, Efate, Vanuatu",2023.0,Google Scholar,Matiu,Prebble,2024-01-31 12:07:43.898527
Matthew Parry,RZY0o9sAAAAJ,Application of deep learning in cancer epigenetics through DNA methylation analysis,2023.0,Google Scholar,Matthew,Parry,2024-01-31 12:07:51.540928
Matthew Parry,RZY0o9sAAAAJ,Accuracy and precision when deriving sea-ice thickness from thermistor strings: A comparison of methods,2023.0,Google Scholar,Matthew,Parry,2024-01-31 12:07:51.540928
Matthew Parry,RZY0o9sAAAAJ,A simple and robust approach to Bayesian modelling of overdispersed data,2023.0,Google Scholar,Matthew,Parry,2024-01-31 12:07:51.540928
Matthew Parry,RZY0o9sAAAAJ,Inhomogeneous hidden semi-Markov models for incompletely observed point processes,2023.0,Google Scholar,Matthew,Parry,2024-01-31 12:07:51.540928
Matthew Parry,RZY0o9sAAAAJ,Sensitivity of reverse transcription polymerase chain reaction tests for severe acute respiratory syndrome coronavirus 2 through time,2023.0,Google Scholar,Matthew,Parry,2024-01-31 12:07:51.540928
Matt Pinkerton,ZUXmQvoAAAAJ,Twenty-six years of phytoplankton pigments reveal a circumpolar Class Divide around the Southern Ocean,2023.0,Google Scholar,Matt,Pinkerton,2024-01-31 12:07:58.322142
Matt Pinkerton,ZUXmQvoAAAAJ,Using joint species distribution modelling to predict distributions of seafloor taxa and identify vulnerable marine ecosystems in New Zealand waters,2023.0,Google Scholar,Matt,Pinkerton,2024-01-31 12:07:58.322142
Matt Pinkerton,ZUXmQvoAAAAJ,Community structure of abyssal macrobenthos of the South and equatorial Atlantic Ocean-Identifying patterns and environmental controls,2023.0,Google Scholar,Matt,Pinkerton,2024-01-31 12:07:58.322142
Matt Pinkerton,ZUXmQvoAAAAJ,Fine‐scale spatial and temporal distribution patterns of large marine predators in a biodiversity hotspot,2023.0,Google Scholar,Matt,Pinkerton,2024-01-31 12:07:58.322142
Matt Pinkerton,ZUXmQvoAAAAJ,Biogeochemical and Physical Assessment of CMIP5 and CMIP6 Ocean Components for the southwest Pacific Ocean,2023.0,Google Scholar,Matt,Pinkerton,2024-01-31 12:07:58.322142
Matt Pinkerton,ZUXmQvoAAAAJ,An assessment of the oceanic physical and biogeochemical components of CMIP5 and CMIP6 models for the Ross Sea Region,2023.0,Google Scholar,Matt,Pinkerton,2024-01-31 12:07:58.322142
Matt Pinkerton,ZUXmQvoAAAAJ,Salp blooms drive strong increases in passive carbon export in the Southern Ocean,2023.0,Google Scholar,Matt,Pinkerton,2024-01-31 12:07:58.322142
Melinda S. Allen,sTqXyfwAAAAJ,"New Microfossil Approaches and Multi-Proxy Analysis Reveal Precontact Polynesian Translocations and Plant Use, Marquesas Islands",2023.0,Google Scholar,Melinda,Allen,2024-01-31 12:08:10.898606
Melinda S. Allen,sTqXyfwAAAAJ,Niche Construction and Long-Term Trajectories of Food Production,2023.0,Google Scholar,Melinda,Allen,2024-01-31 12:08:10.898606
Melinda S. Allen,sTqXyfwAAAAJ,Application of the Ideal Free Distribution Model to Pacific Island Settlement Patterns,2023.0,Google Scholar,Melinda,Allen,2024-01-31 12:08:10.898606
Michael O'Sullivan,Q5MZLZQAAAAJ,An effective self-adaptive bi-directional multi-layer genetic algorithm for resource and user allocations in networks,2023.0,Google Scholar,Michael,O’Sullivan,2024-01-31 12:08:19.055803
Michael O'Sullivan,Q5MZLZQAAAAJ,Optimised Magnetic Core Layer in Inductive Power Transfer Pad for Electric Vehicle Charging,2023.0,Google Scholar,Michael,O’Sullivan,2024-01-31 12:08:19.055803
Michael O'Sullivan,Q5MZLZQAAAAJ,Simultaneous Design of Double-D Pad Coil and Core Geometry by Neural Network Optimisation,2023.0,Google Scholar,Michael,O’Sullivan,2024-01-31 12:08:19.055803
Michael O'Sullivan,Q5MZLZQAAAAJ,Exploring the links between simulation modelling and construction production planning and control: a case study on the last planner system,2023.0,Google Scholar,Michael,O’Sullivan,2024-01-31 12:08:19.055803
Michael O'Sullivan,Q5MZLZQAAAAJ,Application of a risk-averse objective function for scheduling surgeries,2023.0,Google Scholar,Michael,O’Sullivan,2024-01-31 12:08:19.055803
Michael Plank,3Cg41TgAAAAJ,Continued mitigation needed to minimise the high health burden from COVID-19 in Aotearoa New Zealand,2023.0,Google Scholar,Michael,Plank,2024-01-31 12:08:28.667277
Michael Plank,3Cg41TgAAAAJ,The role of the mathematical sciences in supporting the COVID-19 response in Australia and New Zealand,2023.0,Google Scholar,Michael,Plank,2024-01-31 12:08:28.667277
Michael Plank,3Cg41TgAAAAJ,Modelling the impact of the Omicron BA. 5 subvariant in New Zealand,2023.0,Google Scholar,Michael,Plank,2024-01-31 12:08:28.667277
Michael Plank,3Cg41TgAAAAJ,Modelling Aotearoa New Zealand's COVID-19 protection framework and the transition away from the elimination strategy,2023.0,Google Scholar,Michael,Plank,2024-01-31 12:08:28.667277
Michael Plank,3Cg41TgAAAAJ,"The Prospective COVID-19 Post-Immunization Serological Cohort in Munich (KoCo-Impf): Risk Factors and Determinants of Immune Response in Healthcare Workers. Viruses 2023, 15, 1574",2023.0,Google Scholar,Michael,Plank,2024-01-31 12:08:28.667277
Michael Plank,3Cg41TgAAAAJ,Detectability of ten invasive mammal pests in New Zealand: a synthesis of spatial detection parameters,2023.0,Google Scholar,Michael,Plank,2024-01-31 12:08:28.667277
Michael Plank,3Cg41TgAAAAJ,Improving estimates of epidemiological quantities by combining reported cases with wastewater data: a statistical framework with applications to COVID-19 in Aotearoa New Zealand,2023.0,Google Scholar,Michael,Plank,2024-01-31 12:08:28.667277
Michael Plank,3Cg41TgAAAAJ,Modelling the effect of changes to the COVID-19 case isolation policy,2023.0,Google Scholar,Michael,Plank,2024-01-31 12:08:28.667277
Michael Plank,3Cg41TgAAAAJ,Sensitivity of reverse transcription polymerase chain reaction tests for severe acute respiratory syndrome coronavirus 2 through time,2023.0,Google Scholar,Michael,Plank,2024-01-31 12:08:28.667277
,nan,Result set is empty.,,Google Scholar,Mubashir,Qasim,2024-01-31 12:08:33.610326
Murray Cox,r80SLXsAAAAJ,"Same data, different analysts: variation in effect sizes due to analytical decisions in ecology and evolutionary biology",2023.0,Google Scholar,Murray,Cox,2024-01-31 12:08:42.739399
Murray Cox,r80SLXsAAAAJ,Species-wide genomics of kākāpō provides tools to accelerate recovery,2023.0,Google Scholar,Murray,Cox,2024-01-31 12:08:42.739399
Murray Cox,r80SLXsAAAAJ,The Bcvic1 and Bcvic2 vegetative incompatibility genes in Botrytis cinerea encode proteins with domain architectures involved in allorecognition in other filamentous fungi,2023.0,Google Scholar,Murray,Cox,2024-01-31 12:08:42.739399
Murray Cox,r80SLXsAAAAJ,Collective action is needed to build a more just science system,2023.0,Google Scholar,Murray,Cox,2024-01-31 12:08:42.739399
Murray Cox,r80SLXsAAAAJ,Deep ancestry of Bornean hunter-gatherers supports long-term local ancestry dynamics,2023.0,Google Scholar,Murray,Cox,2024-01-31 12:08:42.739399
Murray Cox,r80SLXsAAAAJ,Tradition and change: celebrating food systems resilience at two Indigenous Māori community events,2023.0,Google Scholar,Murray,Cox,2024-01-31 12:08:42.739399
Nicholas R Golledge,KRO8OiYAAAAJ,Pliocene-Pleistocene ice-ocean-atmosphere dynamics in Iceberg Alley and synchronization with global climate,2023.0,Google Scholar,Nicholas,Golledge,2024-01-31 12:08:53.595419
Nicholas R Golledge,KRO8OiYAAAAJ,"Modelling GNSS-observed seasonal velocity changes of the Ross Ice Shelf, Antarctica, using the Ice-sheet and Sea-level System Model (ISSM)",2023.0,Google Scholar,Nicholas,Golledge,2024-01-31 12:08:53.595419
Nicholas R Golledge,KRO8OiYAAAAJ,Millennial-scale variability of the Antarctic ice sheet during the early Miocene,2023.0,Google Scholar,Nicholas,Golledge,2024-01-31 12:08:53.595419
Nicholas R Golledge,KRO8OiYAAAAJ,Ocean cavity regime shift reversed West Antarctic grounding line retreat in the late Holocene,2023.0,Google Scholar,Nicholas,Golledge,2024-01-31 12:08:53.595419
Nicholas R Golledge,KRO8OiYAAAAJ,Statistically parameterizing and evaluating a positive degree-day model to estimate surface melt in Antarctica from 1979 to 2022,2023.0,Google Scholar,Nicholas,Golledge,2024-01-31 12:08:53.595419
Nicholas R Golledge,KRO8OiYAAAAJ,Insights on the vulnerability of Antarctic glaciers from the ISMIP6 ice sheet model ensemble and associated uncertainty,2023.0,Google Scholar,Nicholas,Golledge,2024-01-31 12:08:53.595419
Nicholas R Golledge,KRO8OiYAAAAJ,Melting ice and rising seas–connecting projected change in Antarctica’s ice sheets to communities in Aotearoa New Zealand,2023.0,Google Scholar,Nicholas,Golledge,2024-01-31 12:08:53.595419
Nicholas R Golledge,KRO8OiYAAAAJ,Communicating future sea-level rise uncertainty and ambiguity to assessment users,2023.0,Google Scholar,Nicholas,Golledge,2024-01-31 12:08:53.595419
Nicholas R Golledge,KRO8OiYAAAAJ,"East Antarctic Ice Sheet variability during the middle Miocene Climate Transition captured in drill cores from the Friis Hills, Transantarctic Mountains",2023.0,Google Scholar,Nicholas,Golledge,2024-01-31 12:08:53.595419
Nicholas R Golledge,KRO8OiYAAAAJ,Genomic evidence for West Antarctic Ice Sheet collapse during the Last Interglacial Period,2023.0,Google Scholar,Nicholas,Golledge,2024-01-31 12:08:53.595419
Peni Fukofuka,IT1NN5oAAAAJ,Professional Skepticism in Practice: An Analysis of Auditors’ Stories,2023.0,Google Scholar,Peni,Fukofuka,2024-01-31 12:09:03.220984
Peni Fukofuka,IT1NN5oAAAAJ,Accounting and religious influence in the seventh day Adventist church in the Pacific islands,2023.0,Google Scholar,Peni,Fukofuka,2024-01-31 12:09:03.220984
Peni Fukofuka,IT1NN5oAAAAJ,Critical reflections on sustainability reporting standard setting,2023.0,Google Scholar,Peni,Fukofuka,2024-01-31 12:09:03.220984
Peni Fukofuka,IT1NN5oAAAAJ,Resourcing rangatiratanga as part of constitutional transformation: taking equity and sovereignty seriously,2023.0,Google Scholar,Peni,Fukofuka,2024-01-31 12:09:03.220984
Peni Fukofuka,IT1NN5oAAAAJ,Indigenous practices of accounting on the ground: a Bourdieusian perspective,2023.0,Google Scholar,Peni,Fukofuka,2024-01-31 12:09:03.220984
Peni Fukofuka,IT1NN5oAAAAJ,Auditing: A Journal of Practice & Theory A Publication of the Auditing Section of the American Accounting Association,2023.0,Google Scholar,Peni,Fukofuka,2024-01-31 12:09:03.220984
Peni Fukofuka,IT1NN5oAAAAJ,"Accounting, Tax Compliance and New Zealand Indigenous Entrepreneurs: A Bourdieusian Perspective",2023.0,Google Scholar,Peni,Fukofuka,2024-01-31 12:09:03.220984
Pete Russell,8mj45JQAAAAJ,Extreme South Pacific phytoplankton blooms induced by tropical cyclones,2023.0,Google Scholar,Peter,Russell,2024-01-31 12:09:09.450577
Pete Russell,8mj45JQAAAAJ,The Effect of Pseudofrazil Particle Entrainment on Salinity Measurements,2023.0,Google Scholar,Peter,Russell,2024-01-31 12:09:09.450577
Phillip L Wilson,e0eWjnwAAAAJ,Algebraic Enumeration of Polypolyhedra,2023.0,Google Scholar,Phillip,Wilson,2024-01-31 12:09:15.069211
Phillip L Wilson,e0eWjnwAAAAJ,Partial differential equation models for invasive species spread in the presence of spatial heterogeneity,2023.0,Google Scholar,Phillip,Wilson,2024-01-31 12:09:15.069211
Phillip L Wilson,e0eWjnwAAAAJ,A Mathematically Robust Model of Exotic Pine Invasions,2023.0,Google Scholar,Phillip,Wilson,2024-01-31 12:09:15.069211
Phillip L Wilson,e0eWjnwAAAAJ,On the continuum fallacy: is temperature a continuous function?,2023.0,Google Scholar,Phillip,Wilson,2024-01-31 12:09:15.069211
Phillip L Wilson,e0eWjnwAAAAJ,Model of Surface Waves on a Viscoelastic Material in a Cylindrical Container with Edge Constraints,2023.0,Google Scholar,Phillip,Wilson,2024-01-31 12:09:15.069211
Pierre Roudier,ROBMhaUAAAAJ,A soil spectral library of New Zealand,2023.0,Google Scholar,Pierre,Roudier,2024-01-31 12:09:23.123748
Pierre Roudier,ROBMhaUAAAAJ,An interlaboratory comparison of mid-infrared spectra acquisition: Instruments and procedures matter,2023.0,Google Scholar,Pierre,Roudier,2024-01-31 12:09:23.123748
Pierre Roudier,ROBMhaUAAAAJ,Package ‘aqp’,2023.0,Google Scholar,Pierre,Roudier,2024-01-31 12:09:23.123748
Pierre Roudier,ROBMhaUAAAAJ,Hand-feel soil texture observations to evaluate the accuracy of digital soil maps for local prediction of soil particle size distribution: A case study in Central France,2023.0,Google Scholar,Pierre,Roudier,2024-01-31 12:09:23.123748
Pierre Roudier,ROBMhaUAAAAJ,用土壤质地手测结果评估数字土壤地图在预测当地土壤粒径分布方面的准确性: 以法国中部为例,2023.0,Google Scholar,Pierre,Roudier,2024-01-31 12:09:23.123748
Pierre Roudier,ROBMhaUAAAAJ,Reducing nutrient and sediment losses in surface runoff by selecting cattle supplement feeding areas based on soil type in New Zealand hill country,2023.0,Google Scholar,Pierre,Roudier,2024-01-31 12:09:23.123748
Pierre Roudier,ROBMhaUAAAAJ,Digital soil mapping-advancing the knowledge frontiers,2023.0,Google Scholar,Pierre,Roudier,2024-01-31 12:09:23.123748
Pierre Roudier,ROBMhaUAAAAJ,Complementarity and drivers of thermal and physical soil organic carbon fractions at the scale of mainland France,2023.0,Google Scholar,Pierre,Roudier,2024-01-31 12:09:23.123748
Pierre Roudier,ROBMhaUAAAAJ,Can we evaluate the accuracy of digital soil maps for local prediction of particle size distribution with hand-feel soil textures observations?,2023.0,Google Scholar,Pierre,Roudier,2024-01-31 12:09:23.123748
Pierre Roudier,ROBMhaUAAAAJ,An overview of the Consortium GLADSOILMAP supported by the LE STUDIUM Loire Valley Institute for advanced research studies (France),2023.0,Google Scholar,Pierre,Roudier,2024-01-31 12:09:23.123748
Pierre Roudier,ROBMhaUAAAAJ,Algorithms for Quantitative Pedology,2023.0,Google Scholar,Pierre,Roudier,2024-01-31 12:09:23.123748
Priscilla Wehi,OGOFzGMAAAAJ,Exaggerated mandibles are correlated with enhanced foraging efficacy in male Auckland tree wētā,2023.0,Google Scholar,Priscilla,Wehi,2024-01-31 12:09:29.418112
Priscilla Wehi,OGOFzGMAAAAJ,Contribution of Indigenous Peoples' understandings and relational frameworks to invasive alien species management,2023.0,Google Scholar,Priscilla,Wehi,2024-01-31 12:09:29.418112
Priscilla Wehi,OGOFzGMAAAAJ,Indigitization: Technology as a mode for conservation sustainability and knowledge transfer in indigenous New Zealand communities,2023.0,Google Scholar,Priscilla,Wehi,2024-01-31 12:09:29.418112
Priscilla Wehi,OGOFzGMAAAAJ,"Are there differences in behaviour between the two colour morphs of the mountain stone wētā, Hemideina maori?",2023.0,Google Scholar,Priscilla,Wehi,2024-01-31 12:09:29.418112
Priscilla Wehi,OGOFzGMAAAAJ,Collective action is needed to build a more just science system,2023.0,Google Scholar,Priscilla,Wehi,2024-01-31 12:09:29.418112
Priscilla Wehi,OGOFzGMAAAAJ,Tradition and change: celebrating food systems resilience at two Indigenous Māori community events,2023.0,Google Scholar,Priscilla,Wehi,2024-01-31 12:09:29.418112
Priscilla Wehi,OGOFzGMAAAAJ,"Interpreting past trophic ecology of a threatened alpine parrot, kea Nestor notabilis, from museum specimens",2023.0,Google Scholar,Priscilla,Wehi,2024-01-31 12:09:29.418112
Priscilla Wehi,OGOFzGMAAAAJ,"Behavioural differences in predator aware and predator naïve Wellington tree wētā, Hemideina crassidens.",2023.0,Google Scholar,Priscilla,Wehi,2024-01-31 12:09:29.418112
,nan,Result set is empty.,,Google Scholar,Priya,Subramanian,2024-01-31 12:09:36.363620
Quentin Atkinson,tU-6CiYAAAAJ,"The origin of the state: grain, tax and writing",2023.0,Google Scholar,Quentin,Atkinson,2024-01-31 12:09:46.102096
Quentin Atkinson,tU-6CiYAAAAJ,Cooperative phenotype predicts political ideology eighteen months later,2023.0,Google Scholar,Quentin,Atkinson,2024-01-31 12:09:46.102096
Quentin Atkinson,tU-6CiYAAAAJ,Universal interpretations of vocal music,2023.0,Google Scholar,Quentin,Atkinson,2024-01-31 12:09:46.102096
Quentin Atkinson,tU-6CiYAAAAJ,Language trees with sampled ancestors support a hybrid model for the origin of Indo-European languages,2023.0,Google Scholar,Quentin,Atkinson,2024-01-31 12:09:46.102096
Quentin Atkinson,tU-6CiYAAAAJ,It’s More Complicated Than That—Alliances Are One of Many Factors Shaping Political Belief Systems,2023.0,Google Scholar,Quentin,Atkinson,2024-01-31 12:09:46.102096
Quentin Atkinson,tU-6CiYAAAAJ,A many-analysts approach to the relation between religiosity and well-being,2023.0,Google Scholar,Quentin,Atkinson,2024-01-31 12:09:46.102096
Quentin Atkinson,tU-6CiYAAAAJ,Being specific about generalisability,2023.0,Google Scholar,Quentin,Atkinson,2024-01-31 12:09:46.102096
Quentin Atkinson,tU-6CiYAAAAJ,Dual evolutionary foundations of political ideology predict divergent responses to COVID-19,2023.0,Google Scholar,Quentin,Atkinson,2024-01-31 12:09:46.102096
Quentin Atkinson,tU-6CiYAAAAJ,Mapping out the punishment strategy space (Study 2),2023.0,Google Scholar,Quentin,Atkinson,2024-01-31 12:09:46.102096
Quentin Atkinson,tU-6CiYAAAAJ,Reproductive inequality in humans and other mammals,2023.0,Google Scholar,Quentin,Atkinson,2024-01-31 12:09:46.102096
Quentin Atkinson,tU-6CiYAAAAJ,Grambank’s typological advances support computational research on diverse languages,2023.0,Google Scholar,Quentin,Atkinson,2024-01-31 12:09:46.102096
Quentin Atkinson,tU-6CiYAAAAJ,Appealing to the minds of gods: Religious beliefs and appeals correspond to features of local social ecologies,2023.0,Google Scholar,Quentin,Atkinson,2024-01-31 12:09:46.102096
Quentin Atkinson,tU-6CiYAAAAJ,Grambank reveals the importance of genealogical constraints on linguistic diversity and highlights the impact of language loss,2023.0,Google Scholar,Quentin,Atkinson,2024-01-31 12:09:46.102096
Quentin Atkinson,tU-6CiYAAAAJ,Cooperative and conformist behavioural preferences predict the dual dimensions of political ideology,2023.0,Google Scholar,Quentin,Atkinson,2024-01-31 12:09:46.102096
Quentin Atkinson,tU-6CiYAAAAJ,"Independent histories underlie global musical, linguistic, and genetic diversity",2023.0,Google Scholar,Quentin,Atkinson,2024-01-31 12:09:46.102096
Quentin Atkinson,tU-6CiYAAAAJ,Cultural Evolution and the Economic Wealth of Nations,2023.0,Google Scholar,Quentin,Atkinson,2024-01-31 12:09:46.102096
Quentin Atkinson,tU-6CiYAAAAJ,Valence-dependent mutation in lexical evolution,2023.0,Google Scholar,Quentin,Atkinson,2024-01-31 12:09:46.102096
Quentin Atkinson,tU-6CiYAAAAJ,Language trees with sampled ancestors support an early origin of the Indo-European languages,2023.0,Google Scholar,Quentin,Atkinson,2024-01-31 12:09:46.102096
Quentin Atkinson,tU-6CiYAAAAJ,Crowdsourcing and phylogenetic modelling reveal parrot tool use is not rare,2023.0,Google Scholar,Quentin,Atkinson,2024-01-31 12:09:46.102096
Quentin Atkinson,tU-6CiYAAAAJ,Validating the dual evolutionary foundations of political values in a US sample,2023.0,Google Scholar,Quentin,Atkinson,2024-01-31 12:09:46.102096
Quentin Atkinson,tU-6CiYAAAAJ,Gods are watching and so what? Moralistic supernatural punishment across 15 cultures,2023.0,Google Scholar,Quentin,Atkinson,2024-01-31 12:09:46.102096
Quentin Atkinson,tU-6CiYAAAAJ,Coevolution of religious and political authority in Austronesian societies,2023.0,Google Scholar,Quentin,Atkinson,2024-01-31 12:09:46.102096
Rachelle Binny,nudTp0UAAAAJ,"Emerging advances in biosecurity to underpin human, animal, plant, and ecosystem health.",2023.0,Google Scholar,Rachelle,Binny,2024-01-31 12:09:52.905331
Rachelle Binny,nudTp0UAAAAJ,Modelling Aotearoa New Zealand's COVID-19 protection framework and the transition away from the elimination strategy,2023.0,Google Scholar,Rachelle,Binny,2024-01-31 12:09:52.905331
Rachelle Binny,nudTp0UAAAAJ,Detectability of ten invasive mammal pests in New Zealand: a synthesis of spatial detection parameters,2023.0,Google Scholar,Rachelle,Binny,2024-01-31 12:09:52.905331
Rachelle Binny,nudTp0UAAAAJ,Sensitivity of reverse transcription polymerase chain reaction tests for severe acute respiratory syndrome coronavirus 2 through time,2023.0,Google Scholar,Rachelle,Binny,2024-01-31 12:09:52.905331
,nan,Result set is empty.,,Google Scholar,Rebecca,Phillipps,2024-01-31 12:09:59.020420
Rebecca Priestley,biprEiMAAAAJ,Climate change impacts on Aotearoa New Zealand: a horizon scan approach,2023.0,Google Scholar,Rebecca,Priestley,2024-01-31 12:10:05.058632
Rebecca Priestley,biprEiMAAAAJ,Melting ice and rising seas–connecting projected change in Antarctica’s ice sheets to communities in Aotearoa New Zealand,2023.0,Google Scholar,Rebecca,Priestley,2024-01-31 12:10:05.058632
Rebecca Priestley,biprEiMAAAAJ,Going viral: A science communication collaboration in the era of COVID-19 and social media,2023.0,Google Scholar,Rebecca,Priestley,2024-01-31 12:10:05.058632
rhema Vaithianathan,jpD_uAwAAAAJ,Using electronic health record data to predict future self‐harm or suicidal ideation in young people treated by child and youth mental health services,2023.0,Google Scholar,Rhema,Vaithianathan,2024-01-31 12:10:11.499957
rhema Vaithianathan,jpD_uAwAAAAJ,Improving Child Welfare Practice Through Predictive Risk Modeling: Lessons from the Field,2023.0,Google Scholar,Rhema,Vaithianathan,2024-01-31 12:10:11.499957
rhema Vaithianathan,jpD_uAwAAAAJ,The Use of Birth Records to Study Child Abuse and Neglect,2023.0,Google Scholar,Rhema,Vaithianathan,2024-01-31 12:10:11.499957
rhema Vaithianathan,jpD_uAwAAAAJ,Northampton County: Pursuing Better Child Welfare Outcomes with a Decision Aid Tool to Support Caseworkers,2023.0,Google Scholar,Rhema,Vaithianathan,2024-01-31 12:10:11.499957
rhema Vaithianathan,jpD_uAwAAAAJ,Machine learning to predict poor school performance in paediatric survivors of intensive care: a population-based cohort study,2023.0,Google Scholar,Rhema,Vaithianathan,2024-01-31 12:10:11.499957
rhema Vaithianathan,jpD_uAwAAAAJ,"Algorithms, Humans and Racial Disparities in Child Protection Systems: Evidence from the Allegheny Family Screening Tool",2023.0,Google Scholar,Rhema,Vaithianathan,2024-01-31 12:10:11.499957
Rhian Salmon,ZOSKcOcAAAAJ,Climate change impacts on Aotearoa New Zealand: a horizon scan approach,2023.0,Google Scholar,Rhian,Salmon,2024-01-31 12:10:18.075763
Rhian Salmon,ZOSKcOcAAAAJ,17 Interrupting caring with care Writing retreats for academic caregivers,2023.0,Google Scholar,Rhian,Salmon,2024-01-31 12:10:18.075763
Richard Arnold,mSBxGo4AAAAJ,Likelihood-based finite mixture models for ordinal data,2023.0,Google Scholar,Richard,Arnold,2024-01-31 12:10:26.979375
Richard Arnold,mSBxGo4AAAAJ,Enhancing data-limited assessments: Optimal utilization of fishery-dependent data through random effects--A case study on Korea chub mackerel ($\textit {Scomber japonicus} $),2023.0,Google Scholar,Richard,Arnold,2024-01-31 12:10:26.979375
Richard Arnold,mSBxGo4AAAAJ,A Novel Method to Determine Probabilistic Tsunami Hazard Using a Physics‐Based Synthetic Earthquake Catalog: A New Zealand Case Study,2023.0,Google Scholar,Richard,Arnold,2024-01-31 12:10:26.979375
Richard Arnold,mSBxGo4AAAAJ,"Orientation relationships, orientational variants and the embedding approach",2023.0,Google Scholar,Richard,Arnold,2024-01-31 12:10:26.979375
Richard Arnold,mSBxGo4AAAAJ,Bayesian non-parametric specification of bathtub shaped hazard rate functions,2023.0,Google Scholar,Richard,Arnold,2024-01-31 12:10:26.979375
Richard Arnold,mSBxGo4AAAAJ,Alternating α-Series Process,2023.0,Google Scholar,Richard,Arnold,2024-01-31 12:10:26.979375
Richard Arnold,mSBxGo4AAAAJ,Discussion of: Specifying prior distributions in reliability applications,2023.0,Google Scholar,Richard,Arnold,2024-01-31 12:10:26.979375
Sandra Velarde,g8DvOJgAAAAJ,Climate change impacts on Aotearoa New Zealand: a horizon scan approach,2023.0,Google Scholar,Sandra,Velarde,2024-01-31 12:10:34.570272
Sereana Naepi,GujKmrQAAAAJ,Capturing storms: Pacific women's approaches to change in New Zealand universities,2023.0,Google Scholar,Sereana,Naepi,2024-01-31 12:10:39.988895
Shaun C. Hendy,RHyTIvMAAAAJ,Climate change impacts on Aotearoa New Zealand: a horizon scan approach,2023.0,Google Scholar,Shaun,Hendy,2024-01-31 12:10:50.355719
Shaun C. Hendy,RHyTIvMAAAAJ,Large-scale analysis of sheep rumen metagenome profiles captured by reduced representation sequencing reveals individual profiles are influenced by the environment and genetics …,2023.0,Google Scholar,Shaun,Hendy,2024-01-31 12:10:50.355719
Shaun C. Hendy,RHyTIvMAAAAJ,Collective action is needed to build a more just science system,2023.0,Google Scholar,Shaun,Hendy,2024-01-31 12:10:50.355719
Shaun C. Hendy,RHyTIvMAAAAJ,Modelling Aotearoa New Zealand's COVID-19 protection framework and the transition away from the elimination strategy,2023.0,Google Scholar,Shaun,Hendy,2024-01-31 12:10:50.355719
Shaun C. Hendy,RHyTIvMAAAAJ,Sensitivity of reverse transcription polymerase chain reaction tests for severe acute respiratory syndrome coronavirus 2 through time,2023.0,Google Scholar,Shaun,Hendy,2024-01-31 12:10:50.355719
,nan,Result set is empty.,,Google Scholar,Simon,Stewart,2024-01-31 12:10:55.457811
Siouxsie Wiles,ZCtn3kYAAAAJ,Exploring the depth and breadth of the genomics toolbox during the COVID-19 pandemic: insights from Aotearoa New Zealand,2023.0,Google Scholar,Siouxsie,Wiles,2024-01-31 12:11:03.480416
Siouxsie Wiles,ZCtn3kYAAAAJ,Inferring bacterial transmission dynamics using deep sequencing genomic surveillance data,2023.0,Google Scholar,Siouxsie,Wiles,2024-01-31 12:11:03.480416
Siouxsie Wiles,ZCtn3kYAAAAJ,Going viral: A science communication collaboration in the era of COVID-19 and social media,2023.0,Google Scholar,Siouxsie,Wiles,2024-01-31 12:11:03.480416
Siouxsie Wiles,ZCtn3kYAAAAJ,Measuring fungal anti-E. coli activity using the zone of inhibition (ZOI) assay,2023.0,Google Scholar,Siouxsie,Wiles,2024-01-31 12:11:03.480416
Siouxsie Wiles,ZCtn3kYAAAAJ,Antimicrobial Natural Products from Plant Pathogenic Fungi,2023.0,Google Scholar,Siouxsie,Wiles,2024-01-31 12:11:03.480416
Siouxsie Wiles,ZCtn3kYAAAAJ,Solid fungal extraction and C8 reversed phase chromatography,2023.0,Google Scholar,Siouxsie,Wiles,2024-01-31 12:11:03.480416
Siouxsie Wiles,ZCtn3kYAAAAJ,Bioluminescence-based Minimum Inhibitory Concentration (MIC) testing of fungal extracts against Escherichia coli,2023.0,Google Scholar,Siouxsie,Wiles,2024-01-31 12:11:03.480416
Siouxsie Wiles,ZCtn3kYAAAAJ,Extraction of fungal DNA and PCR for identification using the Sigma-Aldrich REDExtract Plant PCR kit,2023.0,Google Scholar,Siouxsie,Wiles,2024-01-31 12:11:03.480416
,nan,Result set is empty.,,Google Scholar,Steffen,Lippert,2024-01-31 12:11:08.962437
Stephen Marsland,XfFhVhAAAAAJ,Towards a BCH Formula on the Diffeomorphism Group with a Right-Invariant Metric,2023.0,Google Scholar,Stephen,Marsland,2024-01-31 12:11:16.271029
Stephen Marsland,XfFhVhAAAAAJ,Landscape‐wide pulse events predict trait‐based responses among wetland birds in perennial channels of a dryland wetland,2023.0,Google Scholar,Stephen,Marsland,2024-01-31 12:11:16.271029
Stephen Marsland,XfFhVhAAAAAJ,Score-mediated mutual consent and indirect reciprocity,2023.0,Google Scholar,Stephen,Marsland,2024-01-31 12:11:16.271029
Stephen Marsland,XfFhVhAAAAAJ,Epidemic changepoint detection in the presence of nuisance changes,2023.0,Google Scholar,Stephen,Marsland,2024-01-31 12:11:16.271029
Tammy Steeves,dC17nbIAAAAJ,A pragmatic approach for integrating molecular tools into biodiversity conservation,2023.0,Google Scholar,Tammy,Steeves,2024-01-31 12:11:21.763705
Tammy Steeves,dC17nbIAAAAJ,Doing leadership differently as resistance: Care‐fully reworking Aotearoa New Zealand's research system,2023.0,Google Scholar,Tammy,Steeves,2024-01-31 12:11:21.763705
Tammy Steeves,dC17nbIAAAAJ,Species-wide genomics of kākāpō provides tools to accelerate recovery,2023.0,Google Scholar,Tammy,Steeves,2024-01-31 12:11:21.763705
Tammy Steeves,dC17nbIAAAAJ,Fish germ cell cryobanking and transplanting for conservation,2023.0,Google Scholar,Tammy,Steeves,2024-01-31 12:11:21.763705
Tammy Steeves,dC17nbIAAAAJ,Do conservation translocations involve or result in hybridization and what are the consequences of hybridization for conservation? A systematic review protocol,2023.0,Google Scholar,Tammy,Steeves,2024-01-31 12:11:21.763705
Tammy Steeves,dC17nbIAAAAJ,Collective action is needed to build a more just science system,2023.0,Google Scholar,Tammy,Steeves,2024-01-31 12:11:21.763705
Tammy Steeves,dC17nbIAAAAJ,Journeying towards best practice data management in biodiversity genomics,2023.0,Google Scholar,Tammy,Steeves,2024-01-31 12:11:21.763705
Tammy Steeves,dC17nbIAAAAJ,The promise and challenges of characterizing genome‐wide structural variants: A case study in a critically endangered parrot,2023.0,Google Scholar,Tammy,Steeves,2024-01-31 12:11:21.763705
Tammy Steeves,dC17nbIAAAAJ,Hidden impacts of conservation management on fertility of the critically endangered kākāpō,2023.0,Google Scholar,Tammy,Steeves,2024-01-31 12:11:21.763705
,nan,Result set is empty.,,Google Scholar,Thegn,Ladefoged,2024-01-31 12:11:29.974532
Thomas R Etherington,7FJfUN8AAAAJ,Can seed banking assist in conserving the highly endemic New Zealand indigenous flora?,2023.0,Google Scholar,Tom,Etherington,2024-01-31 12:11:35.640282
Thomas R Etherington,7FJfUN8AAAAJ,Mapping uncertain spatial object extents from point samples using fuzzy alpha-shapes,2023.0,Google Scholar,Tom,Etherington,2024-01-31 12:11:35.640282
Thomas R Etherington,7FJfUN8AAAAJ,Initiating open access licensing in the New Zealand Journal of Ecology to further promote ecological science and better align copyright with the intent of Te Tiriti o Waitangi,2023.0,Google Scholar,Tom,Etherington,2024-01-31 12:11:35.640282
Thomas R Etherington,7FJfUN8AAAAJ,The right tree in the right place? A major economic tree species poses major ecological threats,2023.0,Google Scholar,Tom,Etherington,2024-01-31 12:11:35.640282
Troy Baisden,XgKumXgAAAAJ,Climate change impacts on Aotearoa New Zealand: a horizon scan approach,2023.0,Google Scholar,Troy,Baisden,2024-01-31 12:11:43.083206
Troy Baisden,XgKumXgAAAAJ,"The role of large-scale drivers in the Amundsen Sea Low variability and associated changes in water isotopes from the Roosevelt Island ice core, Antarctica",2023.0,Google Scholar,Troy,Baisden,2024-01-31 12:11:43.083206
Ulrich Zuelicke,jjUHqkYAAAAJ,Andreev bound states at boundaries of polarized 2D Fermi superfluids with s-wave pairing and spin-orbit coupling,2023.0,Google Scholar,Uli,Zuelicke,2024-01-31 12:11:53.168129
Ulrich Zuelicke,jjUHqkYAAAAJ,"Theory of electric, magnetic, and toroidal polarizations in crystalline solids with applications to hexagonal lonsdaleite and cubic diamond",2023.0,Google Scholar,Uli,Zuelicke,2024-01-31 12:11:53.168129
William Godsoe,ttOVsTQAAAAJ,Individual and Combined Effects of Predatory Bug Engytatus nicotianae and Trichoderma atroviride in Suppressing the Tomato Potato Psyllid Bactericera cockerelli in Greenhouse …,2023.0,Google Scholar,William,Godsoe,2024-01-31 12:11:59.936506
William Godsoe,ttOVsTQAAAAJ,A mismatch between community assembly and abundance‐based diversity indices,2023.0,Google Scholar,William,Godsoe,2024-01-31 12:11:59.936506
William Godsoe,ttOVsTQAAAAJ,No evidence of increased competitive ability among three widespread alien weeds in their introduced range,2023.0,Google Scholar,William,Godsoe,2024-01-31 12:11:59.936506
William Godsoe,ttOVsTQAAAAJ,Climate change impacts on Aotearoa New Zealand: a horizon scan approach,2023.0,Google Scholar,William,Godsoe,2024-01-31 12:11:59.936506
William Godsoe,ttOVsTQAAAAJ,What is the price of using the Price equation in ecology?,2023.0,Google Scholar,William,Godsoe,2024-01-31 12:11:59.936506
William Godsoe,ttOVsTQAAAAJ,Comparing the Above and Below-Ground Chemical Defences of Three Rumex Species Between Their Native and Introduced Provenances,2023.0,Google Scholar,William,Godsoe,2024-01-31 12:11:59.936506
William Godsoe,ttOVsTQAAAAJ,A multilevel mechanistic model of diversity change,2023.0,Google Scholar,William,Godsoe,2024-01-31 12:11:59.936506
William Godsoe,ttOVsTQAAAAJ,Species interactions and diversity: a unified framework using Hill numbers,2023.0,Google Scholar,William,Godsoe,2024-01-31 12:11:59.936506
William Godsoe,ttOVsTQAAAAJ,Global assessment of three Rumex species reveals inconsistent climatic niche shifts across multiple introduced ranges,2023.0,Google Scholar,William,Godsoe,2024-01-31 12:11:59.936506
Andrea Tabi,hvFqEvIAAAAJ,Species interactions drive continuous assembly of freshwater communities in stochastic environments,2023.0,Google Scholar,Andrea,Tabi,2024-01-31 12:12:05.785283
Andrea Tabi,hvFqEvIAAAAJ,Protection promotes energetically efficient structures in marine communities,2023.0,Google Scholar,Andrea,Tabi,2024-01-31 12:12:05.785283
Reju Sam John,EeZSlzsAAAAJ,Using drivers and transmission pathways to identify SARS-like coronavirus spillover risk hotspots,2023.0,Google Scholar,Reju,John,2024-01-31 12:12:11.547187
Reju Sam John,EeZSlzsAAAAJ,Impact of Infectious Diseases on Wild Bovidae Populations in Thailand: Insights from Population Modelling and Disease Dynamics,2023.0,Google Scholar,Reju,John,2024-01-31 12:12:11.547187
Reju Sam John,EeZSlzsAAAAJ,Mapping threatened Thai bovids provides opportunities for improved conservation outcomes in Asia,2023.0,Google Scholar,Reju,John,2024-01-31 12:12:11.547187
,nan,Result set is empty.,,Google Scholar,Evelyn,Virens,2024-01-31 12:12:18.999649
Alex Beattie,AgcLciMAAAAJ,“It’s like the Wild West”: User Experience (UX) Designers on Ethics and Privacy in Aotearoa New Zealand,2023.0,Google Scholar,Alex,Beattie,2024-01-31 12:12:24.517898
Alex Beattie,AgcLciMAAAAJ,Clusters of Dark Patterns Across Popular Websites in New Zealand,2023.0,Google Scholar,Alex,Beattie,2024-01-31 12:12:24.517898
Alex Beattie,AgcLciMAAAAJ,"Messenger, inquisitor and newsgatherer? Press Gallery journalists on their role (s) at COVID-19 briefings in Aotearoa New Zealand",2023.0,Google Scholar,Alex,Beattie,2024-01-31 12:12:24.517898
Aisling Rayne,gm7qbskAAAAJ,Doing leadership differently as resistance: Care‐fully reworking Aotearoa New Zealand's research system,2023,Google Scholar,Aisling,Rayne,2024-01-31 12:12:29.862999
Aisling Rayne,gm7qbskAAAAJ,Collective action is needed to build a more just science system,2023,Google Scholar,Aisling,Rayne,2024-01-31 12:12:29.862999
