@_fa,error,link,prism:url,dc:identifier,eid,dc:title,dc:creator,prism:publicationName,prism:eIssn,prism:volume,prism:issueIdentifier,prism:pageRange,prism:coverDate,prism:coverDisplayDate,prism:doi,citedby-count,affiliation,pubmed-id,prism:aggregationType,subtype,subtypeDescription,source-id,openaccess,openaccessFlag,freetoread,freetoreadLabel,article-number,prism:isbn,scopus_au_id,source,first_name,last_name,updated
True,,"[{'@_fa': 'true', '@ref': 'self', '@href': 'https://api.elsevier.com/content/abstract/scopus_id/85179449157'}, {'@_fa': 'true', '@ref': 'author-affiliation', '@href': 'https://api.elsevier.com/content/abstract/scopus_id/85179449157?field=author,affiliation'}, {'@_fa': 'true', '@ref': 'scopus', '@href': 'https://www.scopus.com/inward/record.uri?partnerID=HzOxMe3b&scp=85179449157&origin=inward'}, {'@_fa': 'true', '@ref': 'scopus-citedby', '@href': 'https://www.scopus.com/inward/citedby.uri?partnerID=HzOxMe3b&scp=85179449157&origin=inward'}]",https://api.elsevier.com/content/abstract/scopus_id/85179449157,SCOPUS_ID:85179449157,2-s2.0-85179449157,Assessing the cloud radiative bias at Macquarie Island in the ACCESS-AM2 model,Pei Z.,Atmospheric Chemistry and Physics,16807324.0,23.0,23,14691-14714,2023-11-29,29 November 2023,10.5194/acp-23-14691-2023,0.0,"[{'@_fa': 'true', 'affilname': 'Institute for Marine and Antarctic Studies', 'affiliation-city': 'Hobart', 'affiliation-country': 'Australia'}, {'@_fa': 'true', 'affilname': 'Ocean University of China', 'affiliation-city': 'Qingdao', 'affiliation-country': 'China'}, {'@_fa': 'true', 'affilname': 'University of Tasmania', 'affiliation-city': 'Hobart', 'affiliation-country': 'Australia'}]",,Journal,ar,Article,12091.0,1.0,1.0,,,,,56250119900,Scopus,Adrian,McDonald,2023-12-20 12:07:59.052543
True,,"[{'@_fa': 'true', '@ref': 'self', '@href': 'https://api.elsevier.com/content/abstract/scopus_id/85176305229'}, {'@_fa': 'true', '@ref': 'author-affiliation', '@href': 'https://api.elsevier.com/content/abstract/scopus_id/85176305229?field=author,affiliation'}, {'@_fa': 'true', '@ref': 'scopus', '@href': 'https://www.scopus.com/inward/record.uri?partnerID=HzOxMe3b&scp=85176305229&origin=inward'}, {'@_fa': 'true', '@ref': 'scopus-citedby', '@href': 'https://www.scopus.com/inward/citedby.uri?partnerID=HzOxMe3b&scp=85176305229&origin=inward'}]",https://api.elsevier.com/content/abstract/scopus_id/85176305229,SCOPUS_ID:85176305229,2-s2.0-85176305229,An Assessment of Southern Hemisphere Extratropical Cyclones in ERA5 Using WindSat,McErlich C.,Journal of Geophysical Research: Atmospheres,21698996.0,128.0,22,,2023-11-27,27 November 2023,10.1029/2023JD038554,0.0,"[{'@_fa': 'true', 'affilname': 'University of Canterbury', 'affiliation-city': 'Christchurch', 'affiliation-country': 'New Zealand'}]",,Journal,ar,Article,21101038508.0,1.0,1.0,,,e2023JD038554,,56250119900,Scopus,Adrian,McDonald,2023-12-20 12:07:59.052543
True,,"[{'@_fa': 'true', '@ref': 'self', '@href': 'https://api.elsevier.com/content/abstract/scopus_id/85170381352'}, {'@_fa': 'true', '@ref': 'author-affiliation', '@href': 'https://api.elsevier.com/content/abstract/scopus_id/85170381352?field=author,affiliation'}, {'@_fa': 'true', '@ref': 'scopus', '@href': 'https://www.scopus.com/inward/record.uri?partnerID=HzOxMe3b&scp=85170381352&origin=inward'}, {'@_fa': 'true', '@ref': 'scopus-citedby', '@href': 'https://www.scopus.com/inward/citedby.uri?partnerID=HzOxMe3b&scp=85170381352&origin=inward'}]",https://api.elsevier.com/content/abstract/scopus_id/85170381352,SCOPUS_ID:85170381352,2-s2.0-85170381352,An Assessment of Extra-Tropical Cyclone Precipitation Extremes Over the Southern Hemisphere Using ERA5,McErlich C.,Geophysical Research Letters,19448007.0,50.0,17,,2023-09-16,16 September 2023,10.1029/2023GL104130,0.0,"[{'@_fa': 'true', 'affilname': 'University of Canterbury', 'affiliation-city': 'Christchurch', 'affiliation-country': 'New Zealand'}]",,Journal,ar,Article,27962.0,1.0,1.0,"{'value': [{'$': 'all'}, {'$': 'publisherhybridgold'}, {'$': 'repository'}, {'$': 'repositoryam'}]}","{'value': [{'$': 'All Open Access'}, {'$': 'Hybrid Gold'}, {'$': 'Green'}]}",e2023GL104130,,56250119900,Scopus,Adrian,McDonald,2023-12-20 12:07:59.052543
True,,"[{'@_fa': 'true', '@ref': 'self', '@href': 'https://api.elsevier.com/content/abstract/scopus_id/85171178897'}, {'@_fa': 'true', '@ref': 'author-affiliation', '@href': 'https://api.elsevier.com/content/abstract/scopus_id/85171178897?field=author,affiliation'}, {'@_fa': 'true', '@ref': 'scopus', '@href': 'https://www.scopus.com/inward/record.uri?partnerID=HzOxMe3b&scp=85171178897&origin=inward'}, {'@_fa': 'true', '@ref': 'scopus-citedby', '@href': 'https://www.scopus.com/inward/citedby.uri?partnerID=HzOxMe3b&scp=85171178897&origin=inward'}]",https://api.elsevier.com/content/abstract/scopus_id/85171178897,SCOPUS_ID:85171178897,2-s2.0-85171178897,Earth-system-model evaluation of cloud and precipitation occurrence for supercooled and warm clouds over the Southern Ocean's Macquarie Island,Stanford M.W.,Atmospheric Chemistry and Physics,16807324.0,23.0,16,9037-9069,2023-08-17,17 August 2023,10.5194/acp-23-9037-2023,1.0,"[{'@_fa': 'true', 'affilname': 'Center for Climate Systems Research', 'affiliation-city': 'New York', 'affiliation-country': 'United States'}, {'@_fa': 'true', 'affilname': 'NASA Goddard Institute for Space Studies', 'affiliation-city': 'New York', 'affiliation-country': 'United States'}]",,Journal,ar,Article,12091.0,1.0,1.0,,,,,56250119900,Scopus,Adrian,McDonald,2023-12-20 12:07:59.052543
True,,"[{'@_fa': 'true', '@ref': 'self', '@href': 'https://api.elsevier.com/content/abstract/scopus_id/85147368988'}, {'@_fa': 'true', '@ref': 'author-affiliation', '@href': 'https://api.elsevier.com/content/abstract/scopus_id/85147368988?field=author,affiliation'}, {'@_fa': 'true', '@ref': 'scopus', '@href': 'https://www.scopus.com/inward/record.uri?partnerID=HzOxMe3b&scp=85147368988&origin=inward'}, {'@_fa': 'true', '@ref': 'scopus-citedby', '@href': 'https://www.scopus.com/inward/citedby.uri?partnerID=HzOxMe3b&scp=85147368988&origin=inward'}]",https://api.elsevier.com/content/abstract/scopus_id/85147368988,SCOPUS_ID:85147368988,2-s2.0-85147368988,Mean and extreme precipitation over Aotearoa New Zealand: A comparison across multiple different estimation techniques,Vishwanathan G.,International Journal of Climatology,10970088.0,43.0,7,3072-3093,2023-06-15,15 June 2023,10.1002/joc.8017,0.0,"[{'@_fa': 'true', 'affilname': 'University of Canterbury', 'affiliation-city': 'Christchurch', 'affiliation-country': 'New Zealand'}]",,Journal,ar,Article,13507.0,1.0,1.0,"{'value': [{'$': 'all'}, {'$': 'publisherhybridgold'}]}","{'value': [{'$': 'All Open Access'}, {'$': 'Hybrid Gold'}]}",,,56250119900,Scopus,Adrian,McDonald,2023-12-20 12:07:59.052543
True,,"[{'@_fa': 'true', '@ref': 'self', '@href': 'https://api.elsevier.com/content/abstract/scopus_id/85160620332'}, {'@_fa': 'true', '@ref': 'author-affiliation', '@href': 'https://api.elsevier.com/content/abstract/scopus_id/85160620332?field=author,affiliation'}, {'@_fa': 'true', '@ref': 'scopus', '@href': 'https://www.scopus.com/inward/record.uri?partnerID=HzOxMe3b&scp=85160620332&origin=inward'}, {'@_fa': 'true', '@ref': 'scopus-citedby', '@href': 'https://www.scopus.com/inward/citedby.uri?partnerID=HzOxMe3b&scp=85160620332&origin=inward'}]",https://api.elsevier.com/content/abstract/scopus_id/85160620332,SCOPUS_ID:85160620332,2-s2.0-85160620332,Delineating Polynya Area Using Active and Passive Microwave Sensors for the Western Ross Sea Sector of Antarctica,Burada G.K.,Remote Sensing,20724292.0,15.0,10,,2023-05-01,May 2023,10.3390/rs15102545,0.0,"[{'@_fa': 'true', 'affilname': 'Victoria University of Wellington', 'affiliation-city': 'Wellington', 'affiliation-country': 'New Zealand'}]",,Journal,ar,Article,86430.0,1.0,1.0,"{'value': [{'$': 'all'}, {'$': 'publisherfullgold'}]}","{'value': [{'$': 'All Open Access'}, {'$': 'Gold'}]}",2545,,56250119900,Scopus,Adrian,McDonald,2023-12-20 12:07:59.052543
True,,"[{'@_fa': 'true', '@ref': 'self', '@href': 'https://api.elsevier.com/content/abstract/scopus_id/85154533107'}, {'@_fa': 'true', '@ref': 'author-affiliation', '@href': 'https://api.elsevier.com/content/abstract/scopus_id/85154533107?field=author,affiliation'}, {'@_fa': 'true', '@ref': 'scopus', '@href': 'https://www.scopus.com/inward/record.uri?partnerID=HzOxMe3b&scp=85154533107&origin=inward'}, {'@_fa': 'true', '@ref': 'scopus-citedby', '@href': 'https://www.scopus.com/inward/citedby.uri?partnerID=HzOxMe3b&scp=85154533107&origin=inward'}]",https://api.elsevier.com/content/abstract/scopus_id/85154533107,SCOPUS_ID:85154533107,2-s2.0-85154533107,Positive correlation between wet-day frequency and intensity linked to universal precipitation drivers,McErlich C.,Nature Geoscience,17520908.0,16.0,5,410-415,2023-05-01,May 2023,10.1038/s41561-023-01177-4,3.0,"[{'@_fa': 'true', 'affilname': 'University of Canterbury', 'affiliation-city': 'Christchurch', 'affiliation-country': 'New Zealand'}]",,Journal,ar,Article,17600155041.0,1.0,1.0,"{'value': [{'$': 'all'}, {'$': 'publisherhybridgold'}]}","{'value': [{'$': 'All Open Access'}, {'$': 'Hybrid Gold'}]}",,,56250119900,Scopus,Adrian,McDonald,2023-12-20 12:07:59.052543
True,,"[{'@_fa': 'true', '@ref': 'self', '@href': 'https://api.elsevier.com/content/abstract/scopus_id/85153406827'}, {'@_fa': 'true', '@ref': 'author-affiliation', '@href': 'https://api.elsevier.com/content/abstract/scopus_id/85153406827?field=author,affiliation'}, {'@_fa': 'true', '@ref': 'scopus', '@href': 'https://www.scopus.com/inward/record.uri?partnerID=HzOxMe3b&scp=85153406827&origin=inward'}, {'@_fa': 'true', '@ref': 'scopus-citedby', '@href': 'https://www.scopus.com/inward/citedby.uri?partnerID=HzOxMe3b&scp=85153406827&origin=inward'}]",https://api.elsevier.com/content/abstract/scopus_id/85153406827,SCOPUS_ID:85153406827,2-s2.0-85153406827,Sea2Cloud From Biogenic Emission Fluxes to Cloud Properties in the Southwest Pacific,Sellegri K.,Bulletin of the American Meteorological Society,15200477.0,104.0,5,E1017-E1043,2023-05-01,May 2023,10.1175/BAMS-D-21-0063.1,4.0,"[{'@_fa': 'true', 'affilname': 'Université Clermont Auvergne', 'affiliation-city': 'Clermont-Ferrand', 'affiliation-country': 'France'}]",,Journal,ar,Article,12074.0,1.0,1.0,"{'value': [{'$': 'all'}, {'$': 'publisherfree2read'}, {'$': 'repository'}, {'$': 'repositoryvor'}, {'$': 'repositoryam'}]}","{'value': [{'$': 'All Open Access'}, {'$': 'Bronze'}, {'$': 'Green'}]}",,,56250119900,Scopus,Adrian,McDonald,2023-12-20 12:07:59.052543
True,,"[{'@_fa': 'true', '@ref': 'self', '@href': 'https://api.elsevier.com/content/abstract/scopus_id/85141466366'}, {'@_fa': 'true', '@ref': 'author-affiliation', '@href': 'https://api.elsevier.com/content/abstract/scopus_id/85141466366?field=author,affiliation'}, {'@_fa': 'true', '@ref': 'scopus', '@href': 'https://www.scopus.com/inward/record.uri?partnerID=HzOxMe3b&scp=85141466366&origin=inward'}, {'@_fa': 'true', '@ref': 'scopus-citedby', '@href': 'https://www.scopus.com/inward/citedby.uri?partnerID=HzOxMe3b&scp=85141466366&origin=inward'}]",https://api.elsevier.com/content/abstract/scopus_id/85141466366,SCOPUS_ID:85141466366,2-s2.0-85141466366,Increasing temperature extremes in New Zealand and their connection to synoptic circulation features,Thomas A.,International Journal of Climatology,10970088.0,43.0,3,1251-1272,2023-03-15,15 March 2023,10.1002/joc.7908,2.0,"[{'@_fa': 'true', 'affilname': 'University of Canterbury', 'affiliation-city': 'Christchurch', 'affiliation-country': 'New Zealand'}]",,Journal,ar,Article,13507.0,1.0,1.0,"{'value': [{'$': 'all'}, {'$': 'publisherhybridgold'}]}","{'value': [{'$': 'All Open Access'}, {'$': 'Hybrid Gold'}]}",,,56250119900,Scopus,Adrian,McDonald,2023-12-20 12:07:59.052543
True,,"[{'@_fa': 'true', '@ref': 'self', '@href': 'https://api.elsevier.com/content/abstract/scopus_id/85147269995'}, {'@_fa': 'true', '@ref': 'author-affiliation', '@href': 'https://api.elsevier.com/content/abstract/scopus_id/85147269995?field=author,affiliation'}, {'@_fa': 'true', '@ref': 'scopus', '@href': 'https://www.scopus.com/inward/record.uri?partnerID=HzOxMe3b&scp=85147269995&origin=inward'}, {'@_fa': 'true', '@ref': 'scopus-citedby', '@href': 'https://www.scopus.com/inward/citedby.uri?partnerID=HzOxMe3b&scp=85147269995&origin=inward'}]",https://api.elsevier.com/content/abstract/scopus_id/85147269995,SCOPUS_ID:85147269995,2-s2.0-85147269995,Machine learning of cloud types in satellite observations and climate models,Kuma P.,Atmospheric Chemistry and Physics,16807324.0,23.0,1,523-549,2023-01-13,13 January 2023,10.5194/acp-23-523-2023,3.0,"[{'@_fa': 'true', 'affilname': 'Stockholms universitet', 'affiliation-city': 'Stockholm', 'affiliation-country': 'Sweden'}]",,Journal,ar,Article,12091.0,1.0,1.0,"{'value': [{'$': 'all'}, {'$': 'publisherfullgold'}, {'$': 'repository'}, {'$': 'repositoryam'}]}","{'value': [{'$': 'All Open Access'}, {'$': 'Gold'}, {'$': 'Green'}]}",,,56250119900,Scopus,Adrian,McDonald,2023-12-20 12:07:59.052543
True,,"[{'@_fa': 'true', '@ref': 'self', '@href': 'https://api.elsevier.com/content/abstract/scopus_id/85174423626'}, {'@_fa': 'true', '@ref': 'author-affiliation', '@href': 'https://api.elsevier.com/content/abstract/scopus_id/85174423626?field=author,affiliation'}, {'@_fa': 'true', '@ref': 'scopus', '@href': 'https://www.scopus.com/inward/record.uri?partnerID=HzOxMe3b&scp=85174423626&origin=inward'}, {'@_fa': 'true', '@ref': 'scopus-citedby', '@href': 'https://www.scopus.com/inward/citedby.uri?partnerID=HzOxMe3b&scp=85174423626&origin=inward'}]",https://api.elsevier.com/content/abstract/scopus_id/85174423626,SCOPUS_ID:85174423626,2-s2.0-85174423626,Climate change impacts on Aotearoa New Zealand: a horizon scan approach,Macinnis-Ng C.,Journal of the Royal Society of New Zealand,,,,,2023-01-01,2023,10.1080/03036758.2023.2267016,0.0,"[{'@_fa': 'true', 'affilname': 'Te Pūnaha Matatini', 'affiliation-city': 'Auckland', 'affiliation-country': 'New Zealand'}, {'@_fa': 'true', 'affilname': 'The University of Auckland', 'affiliation-city': 'Auckland', 'affiliation-country': 'New Zealand'}]",,Journal,re,Review,23030.0,1.0,1.0,"{'value': [{'$': 'all'}, {'$': 'publisherhybridgold'}, {'$': 'repository'}, {'$': 'repositoryam'}]}","{'value': [{'$': 'All Open Access'}, {'$': 'Hybrid Gold'}, {'$': 'Green'}]}",,,56250119900,Scopus,Adrian,McDonald,2023-12-20 12:07:59.052543
True,,"[{'@_fa': 'true', '@ref': 'self', '@href': 'https://api.elsevier.com/content/abstract/scopus_id/85147168778'}, {'@_fa': 'true', '@ref': 'author-affiliation', '@href': 'https://api.elsevier.com/content/abstract/scopus_id/85147168778?field=author,affiliation'}, {'@_fa': 'true', '@ref': 'scopus', '@href': 'https://www.scopus.com/inward/record.uri?partnerID=HzOxMe3b&scp=85147168778&origin=inward'}, {'@_fa': 'true', '@ref': 'scopus-citedby', '@href': 'https://www.scopus.com/inward/citedby.uri?partnerID=HzOxMe3b&scp=85147168778&origin=inward'}]",https://api.elsevier.com/content/abstract/scopus_id/85147168778,SCOPUS_ID:85147168778,2-s2.0-85147168778,Understanding Internal Cluster Variability Through Subcluster Metric Analysis in a Geophysical Context,Schuddeboom A.J.,Earth and Space Science,23335084.0,10.0,1,,2023-01-01,January 2023,10.1029/2022EA002373,0.0,"[{'@_fa': 'true', 'affilname': 'University of Canterbury', 'affiliation-city': 'Christchurch', 'affiliation-country': 'New Zealand'}]",,Journal,ar,Article,21100842665.0,1.0,1.0,"{'value': [{'$': 'all'}, {'$': 'publisherfullgold'}]}","{'value': [{'$': 'All Open Access'}, {'$': 'Gold'}]}",e2022EA002373,,56250119900,Scopus,Adrian,McDonald,2023-12-20 12:07:59.052543
True,,"[{'@_fa': 'true', '@ref': 'self', '@href': 'https://api.elsevier.com/content/abstract/scopus_id/85130279645'}, {'@_fa': 'true', '@ref': 'author-affiliation', '@href': 'https://api.elsevier.com/content/abstract/scopus_id/85130279645?field=author,affiliation'}, {'@_fa': 'true', '@ref': 'scopus', '@href': 'https://www.scopus.com/inward/record.uri?partnerID=HzOxMe3b&scp=85130279645&origin=inward'}, {'@_fa': 'true', '@ref': 'scopus-citedby', '@href': 'https://www.scopus.com/inward/citedby.uri?partnerID=HzOxMe3b&scp=85130279645&origin=inward'}]",https://api.elsevier.com/content/abstract/scopus_id/85130279645,SCOPUS_ID:85130279645,2-s2.0-85130279645,"Representation of sea ice regimes in the Western Ross Sea, Antarctica, based on satellite imagery and AMPS wind data",Farooq U.,Climate Dynamics,14320894.0,60.0,1-2,227-238,2023-01-01,January 2023,10.1007/s00382-022-06319-9,1.0,"[{'@_fa': 'true', 'affilname': 'University of Canterbury', 'affiliation-city': 'Christchurch', 'affiliation-country': 'New Zealand'}]",,Journal,ar,Article,12172.0,1.0,1.0,"{'value': [{'$': 'all'}, {'$': 'publisherhybridgold'}]}","{'value': [{'$': 'All Open Access'}, {'$': 'Hybrid Gold'}]}",,,56250119900,Scopus,Adrian,McDonald,2023-12-20 12:07:59.052543
True,,"[{'@_fa': 'true', '@ref': 'self', '@href': 'https://api.elsevier.com/content/abstract/scopus_id/85175192334'}, {'@_fa': 'true', '@ref': 'author-affiliation', '@href': 'https://api.elsevier.com/content/abstract/scopus_id/85175192334?field=author,affiliation'}, {'@_fa': 'true', '@ref': 'scopus', '@href': 'https://www.scopus.com/inward/record.uri?partnerID=HzOxMe3b&scp=85175192334&origin=inward'}, {'@_fa': 'true', '@ref': 'scopus-citedby', '@href': 'https://www.scopus.com/inward/citedby.uri?partnerID=HzOxMe3b&scp=85175192334&origin=inward'}]",https://api.elsevier.com/content/abstract/scopus_id/85175192334,SCOPUS_ID:85175192334,2-s2.0-85175192334,Stochastic modelling of intersectional pay gaps in universities,Barrett-Walker T.,Royal Society Open Science,20545703.0,10.0,10,,2023-10-11,11 October 2023,10.1098/rsos.230615,0.0,"[{'@_fa': 'true', 'affilname': 'University of Canterbury', 'affiliation-city': 'Christchurch', 'affiliation-country': 'New Zealand'}]",,Journal,ar,Article,21100446014.0,0.0,0.0,,,230615,,55545943200,Scopus,Alex,James,2023-12-20 12:08:04.255628
True,,"[{'@_fa': 'true', '@ref': 'self', '@href': 'https://api.elsevier.com/content/abstract/scopus_id/85167403971'}, {'@_fa': 'true', '@ref': 'author-affiliation', '@href': 'https://api.elsevier.com/content/abstract/scopus_id/85167403971?field=author,affiliation'}, {'@_fa': 'true', '@ref': 'scopus', '@href': 'https://www.scopus.com/inward/record.uri?partnerID=HzOxMe3b&scp=85167403971&origin=inward'}, {'@_fa': 'true', '@ref': 'scopus-citedby', '@href': 'https://www.scopus.com/inward/citedby.uri?partnerID=HzOxMe3b&scp=85167403971&origin=inward'}]",https://api.elsevier.com/content/abstract/scopus_id/85167403971,SCOPUS_ID:85167403971,2-s2.0-85167403971,"Sticky Floors, Double-Binds, and Double Whammies: Adjusting for Research Performance Reveals Universities’ Gender Pay Gap is Not Disappearing",Brower A.,SAGE Open,21582440.0,13.0,3,,2023-07-01,July-September 2023,10.1177/21582440231192323,0.0,"[{'@_fa': 'true', 'affilname': 'University of Canterbury', 'affiliation-city': 'Christchurch', 'affiliation-country': 'New Zealand'}]",,Journal,ar,Article,21100255401.0,1.0,1.0,"{'value': [{'$': 'all'}, {'$': 'publisherfullgold'}]}","{'value': [{'$': 'All Open Access'}, {'$': 'Gold'}]}",,,55545943200,Scopus,Alex,James,2023-12-20 12:08:04.255628
True,,"[{'@_fa': 'true', '@ref': 'self', '@href': 'https://api.elsevier.com/content/abstract/scopus_id/85163824600'}, {'@_fa': 'true', '@ref': 'author-affiliation', '@href': 'https://api.elsevier.com/content/abstract/scopus_id/85163824600?field=author,affiliation'}, {'@_fa': 'true', '@ref': 'scopus', '@href': 'https://www.scopus.com/inward/record.uri?partnerID=HzOxMe3b&scp=85163824600&origin=inward'}, {'@_fa': 'true', '@ref': 'scopus-citedby', '@href': 'https://www.scopus.com/inward/citedby.uri?partnerID=HzOxMe3b&scp=85163824600&origin=inward'}]",https://api.elsevier.com/content/abstract/scopus_id/85163824600,SCOPUS_ID:85163824600,2-s2.0-85163824600,Brood size in an uncertain world,James A.,Royal Society Open Science,20545703.0,10.0,6,,2023-06-21,21 June 2023,10.1098/rsos.221362,0.0,"[{'@_fa': 'true', 'affilname': 'University of Canterbury', 'affiliation-city': 'Christchurch', 'affiliation-country': 'New Zealand'}]",,Journal,ar,Article,21100446014.0,1.0,1.0,"{'value': [{'$': 'all'}, {'$': 'publisherfullgold'}, {'$': 'repository'}, {'$': 'repositoryvor'}, {'$': 'repositoryam'}]}","{'value': [{'$': 'All Open Access'}, {'$': 'Gold'}, {'$': 'Green'}]}",221362,,55545943200,Scopus,Alex,James,2023-12-20 12:08:04.255628
True,,"[{'@_fa': 'true', '@ref': 'self', '@href': 'https://api.elsevier.com/content/abstract/scopus_id/85174065622'}, {'@_fa': 'true', '@ref': 'author-affiliation', '@href': 'https://api.elsevier.com/content/abstract/scopus_id/85174065622?field=author,affiliation'}, {'@_fa': 'true', '@ref': 'scopus', '@href': 'https://www.scopus.com/inward/record.uri?partnerID=HzOxMe3b&scp=85174065622&origin=inward'}, {'@_fa': 'true', '@ref': 'scopus-citedby', '@href': 'https://www.scopus.com/inward/citedby.uri?partnerID=HzOxMe3b&scp=85174065622&origin=inward'}, {'@_fa': 'true', '@ref': 'full-text', '@href': 'https://api.elsevier.com/content/article/eid/1-s2.0-S1326020023052706'}]",https://api.elsevier.com/content/abstract/scopus_id/85174065622,SCOPUS_ID:85174065622,2-s2.0-85174065622,Transdisciplinary stakeholder understandings of antimicrobial resistance: An integrative approach in Aotearoa New Zealand,Mitchell S.,Australian and New Zealand Journal of Public Health,17536405.0,47.0,6,,2023-12-01,December 2023,10.1016/j.anzjph.2023.100093,0.0,"[{'@_fa': 'true', 'affilname': 'University of Otago', 'affiliation-city': 'Dunedin', 'affiliation-country': 'New Zealand'}]",,Journal,ar,Article,19605.0,1.0,1.0,"{'value': [{'$': 'all'}, {'$': 'publisherfullgold'}]}","{'value': [{'$': 'All Open Access'}, {'$': 'Gold'}]}",100093,,7005704384,Scopus,Alex,Macmillan,2023-12-20 12:08:09.363148
True,,"[{'@_fa': 'true', '@ref': 'self', '@href': 'https://api.elsevier.com/content/abstract/scopus_id/85161572666'}, {'@_fa': 'true', '@ref': 'author-affiliation', '@href': 'https://api.elsevier.com/content/abstract/scopus_id/85161572666?field=author,affiliation'}, {'@_fa': 'true', '@ref': 'scopus', '@href': 'https://www.scopus.com/inward/record.uri?partnerID=HzOxMe3b&scp=85161572666&origin=inward'}, {'@_fa': 'true', '@ref': 'scopus-citedby', '@href': 'https://www.scopus.com/inward/citedby.uri?partnerID=HzOxMe3b&scp=85161572666&origin=inward'}, {'@_fa': 'true', '@ref': 'full-text', '@href': 'https://api.elsevier.com/content/article/eid/1-s2.0-S2667278223000354'}]",https://api.elsevier.com/content/abstract/scopus_id/85161572666,SCOPUS_ID:85161572666,2-s2.0-85161572666,Participatory modeling for local and regional collaboration on climate change adaptation and health,Harrison S.,Journal of Climate Change and Health,26672782.0,12.0,,,2023-07-01,1 July 2023,10.1016/j.joclim.2023.100235,1.0,"[{'@_fa': 'true', 'affilname': 'Otago Medical School', 'affiliation-city': 'Dunedin', 'affiliation-country': 'New Zealand'}]",,Journal,ar,Article,21101142660.0,1.0,1.0,"{'value': [{'$': 'all'}, {'$': 'publisherfullgold'}]}","{'value': [{'$': 'All Open Access'}, {'$': 'Gold'}]}",100235,,7005704384,Scopus,Alex,Macmillan,2023-12-20 12:08:09.363148
True,,"[{'@_fa': 'true', '@ref': 'self', '@href': 'https://api.elsevier.com/content/abstract/scopus_id/85160965598'}, {'@_fa': 'true', '@ref': 'author-affiliation', '@href': 'https://api.elsevier.com/content/abstract/scopus_id/85160965598?field=author,affiliation'}, {'@_fa': 'true', '@ref': 'scopus', '@href': 'https://www.scopus.com/inward/record.uri?partnerID=HzOxMe3b&scp=85160965598&origin=inward'}, {'@_fa': 'true', '@ref': 'scopus-citedby', '@href': 'https://www.scopus.com/inward/citedby.uri?partnerID=HzOxMe3b&scp=85160965598&origin=inward'}]",https://api.elsevier.com/content/abstract/scopus_id/85160965598,SCOPUS_ID:85160965598,2-s2.0-85160965598,Understanding and experience of climate change in rural general practice in Aotearoa—New Zealand,Glavinovic K.,Family Practice,14602229.0,40.0,3,442-448,2023-06-01,1 June 2023,10.1093/fampra/cmac107,0.0,"[{'@_fa': 'true', 'affilname': 'The University of Auckland', 'affiliation-city': 'Auckland', 'affiliation-country': 'New Zealand'}]",36170172.0,Journal,ar,Article,27901.0,1.0,1.0,"{'value': [{'$': 'all'}, {'$': 'publisherhybridgold'}, {'$': 'repository'}, {'$': 'repositoryvor'}]}","{'value': [{'$': 'All Open Access'}, {'$': 'Hybrid Gold'}, {'$': 'Green'}]}",,,7005704384,Scopus,Alex,Macmillan,2023-12-20 12:08:09.363148
True,,"[{'@_fa': 'true', '@ref': 'self', '@href': 'https://api.elsevier.com/content/abstract/scopus_id/85151481902'}, {'@_fa': 'true', '@ref': 'author-affiliation', '@href': 'https://api.elsevier.com/content/abstract/scopus_id/85151481902?field=author,affiliation'}, {'@_fa': 'true', '@ref': 'scopus', '@href': 'https://www.scopus.com/inward/record.uri?partnerID=HzOxMe3b&scp=85151481902&origin=inward'}, {'@_fa': 'true', '@ref': 'scopus-citedby', '@href': 'https://www.scopus.com/inward/citedby.uri?partnerID=HzOxMe3b&scp=85151481902&origin=inward'}, {'@_fa': 'true', '@ref': 'full-text', '@href': 'https://api.elsevier.com/content/article/eid/1-s2.0-S2214140523000373'}]",https://api.elsevier.com/content/abstract/scopus_id/85151481902,SCOPUS_ID:85151481902,2-s2.0-85151481902,Effects of Te Ara Mua – Future Streets suburban street retrofit on traffic speed and volume: Controlled before-after study,Hosking J.,Journal of Transport and Health,,30.0,,,2023-05-01,May 2023,10.1016/j.jth.2023.101601,0.0,"[{'@_fa': 'true', 'affilname': 'Faculty of Medical and Health Sciences', 'affiliation-city': 'Auckland', 'affiliation-country': 'New Zealand'}]",,Journal,ar,Article,21100310028.0,0.0,0.0,,,101601,,7005704384,Scopus,Alex,Macmillan,2023-12-20 12:08:09.363148
True,,"[{'@_fa': 'true', '@ref': 'self', '@href': 'https://api.elsevier.com/content/abstract/scopus_id/85163692917'}, {'@_fa': 'true', '@ref': 'author-affiliation', '@href': 'https://api.elsevier.com/content/abstract/scopus_id/85163692917?field=author,affiliation'}, {'@_fa': 'true', '@ref': 'scopus', '@href': 'https://www.scopus.com/inward/record.uri?partnerID=HzOxMe3b&scp=85163692917&origin=inward'}, {'@_fa': 'true', '@ref': 'scopus-citedby', '@href': 'https://www.scopus.com/inward/citedby.uri?partnerID=HzOxMe3b&scp=85163692917&origin=inward'}]",https://api.elsevier.com/content/abstract/scopus_id/85163692917,SCOPUS_ID:85163692917,2-s2.0-85163692917,"Superheated storms: climate drivers, health effects and responses",Jones R.,New Zealand Medical Journal,11758716.0,136.0,1573,8-11,2023-04-14,14 April 2023,,2.0,"[{'@_fa': 'true', 'affilname': 'The University of Auckland', 'affiliation-city': 'Auckland', 'affiliation-country': 'New Zealand'}]",,Journal,ed,Editorial,15876.0,0.0,0.0,,,,,7005704384,Scopus,Alex,Macmillan,2023-12-20 12:08:09.363148
True,,"[{'@_fa': 'true', '@ref': 'self', '@href': 'https://api.elsevier.com/content/abstract/scopus_id/85173136271'}, {'@_fa': 'true', '@ref': 'author-affiliation', '@href': 'https://api.elsevier.com/content/abstract/scopus_id/85173136271?field=author,affiliation'}, {'@_fa': 'true', '@ref': 'scopus', '@href': 'https://www.scopus.com/inward/record.uri?partnerID=HzOxMe3b&scp=85173136271&origin=inward'}, {'@_fa': 'true', '@ref': 'scopus-citedby', '@href': 'https://www.scopus.com/inward/citedby.uri?partnerID=HzOxMe3b&scp=85173136271&origin=inward'}]",https://api.elsevier.com/content/abstract/scopus_id/85173136271,SCOPUS_ID:85173136271,2-s2.0-85173136271,Overcoming resistance and rebalancing power: shifting gears for cross sectoral collaboration on transport and climate change,Shaw C.,BMJ,17561833.0,,,,2023-01-01,2023,10.1136/bmj.p2215,1.0,"[{'@_fa': 'true', 'affilname': 'University of Otago', 'affiliation-city': 'Dunedin', 'affiliation-country': 'New Zealand'}]",37793683.0,Journal,no,Note,51748.0,1.0,1.0,"{'value': [{'$': 'all'}, {'$': 'publisherfree2read'}]}","{'value': [{'$': 'All Open Access'}, {'$': 'Bronze'}]}",p2215,,7005704384,Scopus,Alex,Macmillan,2023-12-20 12:08:09.363148
True,,"[{'@_fa': 'true', '@ref': 'self', '@href': 'https://api.elsevier.com/content/abstract/scopus_id/85178256963'}, {'@_fa': 'true', '@ref': 'author-affiliation', '@href': 'https://api.elsevier.com/content/abstract/scopus_id/85178256963?field=author,affiliation'}, {'@_fa': 'true', '@ref': 'scopus', '@href': 'https://www.scopus.com/inward/record.uri?partnerID=HzOxMe3b&scp=85178256963&origin=inward'}, {'@_fa': 'true', '@ref': 'scopus-citedby', '@href': 'https://www.scopus.com/inward/citedby.uri?partnerID=HzOxMe3b&scp=85178256963&origin=inward'}]",https://api.elsevier.com/content/abstract/scopus_id/85178256963,SCOPUS_ID:85178256963,2-s2.0-85178256963,"Structural Adaptation Triggers in the CAP: Regional Implementation 2007-2013 in the East Midlands, England",Buelow F.A.,Case Studies in the Environment,24739510.0,7.0,1,,2023-10-25,25 October 2023,10.1525/cse.2023.2003039,0.0,"[{'@_fa': 'true', 'affilname': 'University of Canterbury', 'affiliation-city': 'Christchurch', 'affiliation-country': 'New Zealand'}]",,Journal,ar,Article,21101042191.0,0.0,0.0,,,2003039,,18233378900,Scopus,Ann,Brower,2023-12-20 12:08:13.522093
True,,"[{'@_fa': 'true', '@ref': 'self', '@href': 'https://api.elsevier.com/content/abstract/scopus_id/85175192334'}, {'@_fa': 'true', '@ref': 'author-affiliation', '@href': 'https://api.elsevier.com/content/abstract/scopus_id/85175192334?field=author,affiliation'}, {'@_fa': 'true', '@ref': 'scopus', '@href': 'https://www.scopus.com/inward/record.uri?partnerID=HzOxMe3b&scp=85175192334&origin=inward'}, {'@_fa': 'true', '@ref': 'scopus-citedby', '@href': 'https://www.scopus.com/inward/citedby.uri?partnerID=HzOxMe3b&scp=85175192334&origin=inward'}]",https://api.elsevier.com/content/abstract/scopus_id/85175192334,SCOPUS_ID:85175192334,2-s2.0-85175192334,Stochastic modelling of intersectional pay gaps in universities,Barrett-Walker T.,Royal Society Open Science,20545703.0,10.0,10,,2023-10-11,11 October 2023,10.1098/rsos.230615,0.0,"[{'@_fa': 'true', 'affilname': 'University of Canterbury', 'affiliation-city': 'Christchurch', 'affiliation-country': 'New Zealand'}]",,Journal,ar,Article,21100446014.0,0.0,0.0,,,230615,,18233378900,Scopus,Ann,Brower,2023-12-20 12:08:13.522093
True,,"[{'@_fa': 'true', '@ref': 'self', '@href': 'https://api.elsevier.com/content/abstract/scopus_id/85167403971'}, {'@_fa': 'true', '@ref': 'author-affiliation', '@href': 'https://api.elsevier.com/content/abstract/scopus_id/85167403971?field=author,affiliation'}, {'@_fa': 'true', '@ref': 'scopus', '@href': 'https://www.scopus.com/inward/record.uri?partnerID=HzOxMe3b&scp=85167403971&origin=inward'}, {'@_fa': 'true', '@ref': 'scopus-citedby', '@href': 'https://www.scopus.com/inward/citedby.uri?partnerID=HzOxMe3b&scp=85167403971&origin=inward'}]",https://api.elsevier.com/content/abstract/scopus_id/85167403971,SCOPUS_ID:85167403971,2-s2.0-85167403971,"Sticky Floors, Double-Binds, and Double Whammies: Adjusting for Research Performance Reveals Universities’ Gender Pay Gap is Not Disappearing",Brower A.,SAGE Open,21582440.0,13.0,3,,2023-07-01,July-September 2023,10.1177/21582440231192323,0.0,"[{'@_fa': 'true', 'affilname': 'University of Canterbury', 'affiliation-city': 'Christchurch', 'affiliation-country': 'New Zealand'}]",,Journal,ar,Article,21100255401.0,1.0,1.0,"{'value': [{'$': 'all'}, {'$': 'publisherfullgold'}]}","{'value': [{'$': 'All Open Access'}, {'$': 'Gold'}]}",,,18233378900,Scopus,Ann,Brower,2023-12-20 12:08:13.522093
True,,"[{'@_fa': 'true', '@ref': 'self', '@href': 'https://api.elsevier.com/content/abstract/scopus_id/85152108216'}, {'@_fa': 'true', '@ref': 'author-affiliation', '@href': 'https://api.elsevier.com/content/abstract/scopus_id/85152108216?field=author,affiliation'}, {'@_fa': 'true', '@ref': 'scopus', '@href': 'https://www.scopus.com/inward/record.uri?partnerID=HzOxMe3b&scp=85152108216&origin=inward'}, {'@_fa': 'true', '@ref': 'scopus-citedby', '@href': 'https://www.scopus.com/inward/citedby.uri?partnerID=HzOxMe3b&scp=85152108216&origin=inward'}]",https://api.elsevier.com/content/abstract/scopus_id/85152108216,SCOPUS_ID:85152108216,2-s2.0-85152108216,"Co-Management of Kauri Dieback in the Waitākere Ranges, Aotearoa New Zealand",Gibson J.,Case Studies in the Environment,24739510.0,7.0,1,,2023-03-29,29 March 2023,10.1525/cse.2023.1830829,0.0,"[{'@_fa': 'true', 'affilname': 'University of Canterbury', 'affiliation-city': 'Christchurch', 'affiliation-country': 'New Zealand'}]",,Journal,ar,Article,21101042191.0,0.0,0.0,,,1830829,,18233378900,Scopus,Ann,Brower,2023-12-20 12:08:13.522093
True,,"[{'@_fa': 'true', '@ref': 'self', '@href': 'https://api.elsevier.com/content/abstract/scopus_id/85177423607'}, {'@_fa': 'true', '@ref': 'author-affiliation', '@href': 'https://api.elsevier.com/content/abstract/scopus_id/85177423607?field=author,affiliation'}, {'@_fa': 'true', '@ref': 'scopus', '@href': 'https://www.scopus.com/inward/record.uri?partnerID=HzOxMe3b&scp=85177423607&origin=inward'}, {'@_fa': 'true', '@ref': 'scopus-citedby', '@href': 'https://www.scopus.com/inward/citedby.uri?partnerID=HzOxMe3b&scp=85177423607&origin=inward'}]",https://api.elsevier.com/content/abstract/scopus_id/85177423607,SCOPUS_ID:85177423607,2-s2.0-85177423607,New Zealand's braided rivers: The land the law forgot,Brower A.,Earth Surface Processes and Landforms,10969837.0,,,,2023-01-01,2023,10.1002/esp.5728,0.0,"[{'@_fa': 'true', 'affilname': 'University of Canterbury', 'affiliation-city': 'Christchurch', 'affiliation-country': 'New Zealand'}]",,Journal,no,Note,25751.0,0.0,0.0,,,,,18233378900,Scopus,Ann,Brower,2023-12-20 12:08:13.522093
True,Result set was empty,,,,,,,,,,,,,,,,,,,,,,,,,,,,57209398695,Scopus,Anna,Brown,2023-12-20 12:08:14.454464
true,,"[{'@_fa': 'true', '@ref': 'self', '@href': 'https://api.elsevier.com/content/abstract/scopus_id/85161411229'}, {'@_fa': 'true', '@ref': 'author-affiliation', '@href': 'https://api.elsevier.com/content/abstract/scopus_id/85161411229?field=author,affiliation'}, {'@_fa': 'true', '@ref': 'scopus', '@href': 'https://www.scopus.com/inward/record.uri?partnerID=HzOxMe3b&scp=85161411229&origin=inward'}, {'@_fa': 'true', '@ref': 'scopus-citedby', '@href': 'https://www.scopus.com/inward/citedby.uri?partnerID=HzOxMe3b&scp=85161411229&origin=inward'}]",https://api.elsevier.com/content/abstract/scopus_id/85161411229,SCOPUS_ID:85161411229,2-s2.0-85161411229,Collective action is needed to build a more just science system,Rayne A.,Nature Human Behaviour,23973374,7,7,1034-1037,2023-07-01,July 2023,10.1038/s41562-023-01635-4,1,"[{'@_fa': 'true', 'affilname': 'Te Pūnaha Matatini', 'affiliation-city': 'Auckland', 'affiliation-country': 'New Zealand'}, {'@_fa': 'true', 'affilname': 'Cawthron', 'affiliation-city': 'Nelson', 'affiliation-country': 'New Zealand'}, {'@_fa': 'true', 'affilname': 'University of Otago', 'affiliation-city': 'Dunedin', 'affiliation-country': 'New Zealand'}]",37291438,Journal,no,Note,21100838541,1,1.0,"{'value': [{'$': 'all'}, {'$': 'publisherfree2read'}]}","{'value': [{'$': 'All Open Access'}, {'$': 'Bronze'}]}",,,7005851367,Scopus,Anna,Matheson,2023-12-20 12:08:19.098548
true,,"[{'@_fa': 'true', '@ref': 'self', '@href': 'https://api.elsevier.com/content/abstract/scopus_id/85147536245'}, {'@_fa': 'true', '@ref': 'author-affiliation', '@href': 'https://api.elsevier.com/content/abstract/scopus_id/85147536245?field=author,affiliation'}, {'@_fa': 'true', '@ref': 'scopus', '@href': 'https://www.scopus.com/inward/record.uri?partnerID=HzOxMe3b&scp=85147536245&origin=inward'}, {'@_fa': 'true', '@ref': 'scopus-citedby', '@href': 'https://www.scopus.com/inward/citedby.uri?partnerID=HzOxMe3b&scp=85147536245&origin=inward'}]",https://api.elsevier.com/content/abstract/scopus_id/85147536245,SCOPUS_ID:85147536245,2-s2.0-85147536245,"Dietary practices, physical activity and social determinants of non-communicable diseases in Nepal: A systemic analysis",Sharma S.,PLoS ONE,19326203,18,2 February,,2023-02-01,February 2023,10.1371/journal.pone.0281355,0,"[{'@_fa': 'true', 'affilname': 'Massey University Wellington', 'affiliation-city': 'Wellington', 'affiliation-country': 'New Zealand'}, {'@_fa': 'true', 'affilname': 'DIYASU Community Development Centre', 'affiliation-city': 'Morang', 'affiliation-country': 'Nepal'}]",36745612,Journal,ar,Article,10600153309,1,1.0,"{'value': [{'$': 'all'}, {'$': 'publisherfullgold'}, {'$': 'repository'}, {'$': 'repositoryvor'}, {'$': 'repositoryam'}]}","{'value': [{'$': 'All Open Access'}, {'$': 'Gold'}, {'$': 'Green'}]}",e0281355,,7005851367,Scopus,Anna,Matheson,2023-12-20 12:08:19.098548
true,,"[{'@_fa': 'true', '@ref': 'self', '@href': 'https://api.elsevier.com/content/abstract/scopus_id/85153658600'}, {'@_fa': 'true', '@ref': 'author-affiliation', '@href': 'https://api.elsevier.com/content/abstract/scopus_id/85153658600?field=author,affiliation'}, {'@_fa': 'true', '@ref': 'scopus', '@href': 'https://www.scopus.com/inward/record.uri?partnerID=HzOxMe3b&scp=85153658600&origin=inward'}, {'@_fa': 'true', '@ref': 'scopus-citedby', '@href': 'https://www.scopus.com/inward/citedby.uri?partnerID=HzOxMe3b&scp=85153658600&origin=inward'}]",https://api.elsevier.com/content/abstract/scopus_id/85153658600,SCOPUS_ID:85153658600,2-s2.0-85153658600,Case study: COVID-19 and governing for health and wellbeing in New Zealand – putting communities at the centre,McKinlay P.,Covid-19 And Social Determinants Of Health: Wicked Issues and Relationalism,,,,143-150,2023-01-01,1 January 2023,,0,,,Book,ch,Book Chapter,21101148053,0,0.0,,,,"[{'@_fa': 'true', '$': '9781447364979'}, {'@_fa': 'true', '$': '9781447364948'}]",7005851367,Scopus,Anna,Matheson,2023-12-20 12:08:19.098548
